symbol,date,prior_close,rejected_close,pct
ACICO,2025-09-29,102.0,145.0,42.156862745098046
ACICO,2025-10-05,199.0,289.0,45.226130653266324
ALAQARIA,2025-06-23,36.7,67.1,82.83378746594003
ALAQARIA,2025-06-24,67.1,48.0,28.46497764530551
ALAQARIA,2025-07-01,40.6,53.0,30.54187192118225
ALAQARIA,2025-07-15,51.8,66.5,28.37837837837838
ALIMTIAZ,2025-04-30,43.8,30.0,31.506849315068486
ALKOUT,2021-08-31,670.0,500.0,25.373134328358205
ALKOUT,2022-06-05,545.0,406.0,25.5045871559633
ALKOUT,2024-11-17,789.0,1000.0,26.742712294043102
ALKOUT,2024-11-18,1000.0,1464.0,46.4
ALKOUT,2024-11-19,1464.0,1948.0,33.060109289617486
ALKOUT,2024-11-24,1800.0,1311.0,27.16666666666666
ALKOUT,2026-04-16,850.0,1074.0,26.35294117647058
ALOLA,2024-01-16,39.0,53.4,36.92307692307693
ALOLA,2025-07-13,48.5,72.0,48.453608247422686
ALSAFAT,2024-08-22,79.2,99.7,25.883838383838388
ALSAFAT,2025-06-24,121.0,158.0,30.578512396694222
AMAR,2021-10-14,57.0,79.3,39.12280701754385
AMAR,2021-10-24,71.3,90.0,26.22720897615709
ARABREC,2023-05-17,37.0,51.0,37.83783783783783
ARABREC,2025-09-21,280.0,200.0,28.57142857142857
ARGAN,2023-12-26,70.0,93.1,32.999999999999986
ARGAN,2025-01-20,93.3,117.0,25.401929260450174
ARKAN,2025-07-16,144.0,204.0,41.66666666666667
ARKAN,2025-10-19,240.0,321.0,33.74999999999999
ASC,2023-05-30,77.2,97.9,26.81347150259068
ASC,2024-01-16,105.0,159.0,51.42857142857142
ASC,2024-01-18,197.0,273.0,38.57868020304569
ASC,2025-03-02,222.0,161.0,27.477477477477475
ATC,2025-02-19,505.0,652.0,29.108910891089113
ATC,2025-09-30,599.0,759.0,26.711185308848084
ATC,2025-10-01,759.0,563.0,25.823451910408433
BAYANINV,2023-05-30,21.1,34.0,61.137440758293835
BAYANINV,2024-05-07,40.3,52.0,29.03225806451615
BAYANINV,2024-07-31,85.2,62.4,26.7605633802817
CATTL,2025-07-22,102.0,136.0,33.33333333333333
COAST,2021-09-05,76.0,97.0,27.63157894736843
COAST,2023-09-24,81.0,104.0,28.395061728395056
DALQANRE,2025-08-11,302.0,213.0,29.470198675496682
DALQANRE,2026-01-08,174.0,123.0,29.31034482758621
DIGITUS,2023-05-29,62.5,80.0,28.000000000000004
DIGITUS,2025-04-16,78.9,101.0,28.010139416983513
DIGITUS,2025-06-23,137.0,188.0,37.226277372262786
DIGITUS,2025-07-09,170.0,234.0,37.64705882352941
DIGITUS,2025-07-10,234.0,356.0,52.13675213675213
DIGITUS,2025-11-30,751.0,977.0,30.09320905459387
DIGITUS,2026-01-05,1050.0,2051.0,95.33333333333334
DIGITUS,2026-02-01,2110.0,1070.0,49.28909952606635
EKTTITAB,2023-10-17,16.0,20.5,28.125
EKTTITAB,2025-07-14,16.6,25.0,50.6024096385542
EKTTITAB,2025-11-03,30.8,44.5,44.480519480519476
EMIRATES,2025-06-17,73.8,137.0,85.63685636856368
EMIRATES,2025-06-18,137.0,300.0,118.97810218978103
EMIRATES,2025-06-25,198.0,265.0,33.83838383838385
ENERGYH,2021-11-10,59.3,77.2,30.185497470489043
ENERGYH,2022-09-01,47.8,25.0,47.69874476987448
ENERGYH,2023-01-30,22.5,110.0,388.8888888888889
ENERGYH,2024-02-11,73.0,104.0,42.46575342465753
ENERGYH,2024-02-13,114.0,202.0,77.19298245614034
ENERGYH,2024-05-30,120.0,83.5,30.41666666666667
ENERGYH,2024-09-22,103.0,130.0,26.21359223300972
ENERGYH,2025-02-10,234.0,319.0,36.32478632478633
EQUIPMENT,2021-10-03,45.0,57.5,27.777777777777768
EQUIPMENT,2024-05-22,26.6,40.0,50.375939849624054
EQUIPMENT,2024-10-27,53.0,67.1,26.603773584905642
EQUIPMENT,2025-10-23,122.0,397.0,225.40983606557376
EQUIPMENT,2026-01-25,463.0,276.0,40.388768898488124
FTI,2021-11-02,54.4,77.0,41.54411764705883
FTI,2024-01-11,66.0,92.0,39.393939393939405
FTI,2024-01-14,92.0,160.0,73.91304347826086
FTI,2024-01-15,160.0,223.0,39.37500000000001
FTI,2024-01-16,223.0,394.0,76.68161434977578
FTI,2024-04-23,114.0,198.0,73.6842105263158
FTI,2025-02-16,173.0,217.0,25.4335260115607
GFC,2021-09-01,32.1,46.8,45.79439252336448
GFC,2021-10-17,51.1,97.7,91.19373776908024
GFC,2021-10-20,99.0,74.0,25.25252525252525
GFC,2022-08-09,82.0,120.0,46.34146341463414
GFC,2024-02-11,64.0,108.0,68.75
GFC,2024-02-12,108.0,80.0,25.92592592592593
GFC,2025-04-20,87.0,126.0,44.827586206896555
GFC,2025-07-02,160.0,202.0,26.249999999999996
GFC,2025-07-27,190.0,251.0,32.10526315789475
GFC,2025-10-28,231.0,292.0,26.406926406926413
GIH,2025-04-27,869.0,550.0,36.70886075949367
GINS,2023-03-22,1100.0,1460.0,32.72727272727274
GINS,2024-09-22,1200.0,1550.0,29.166666666666675
GINS,2024-09-30,1083.0,1375.0,26.96214219759927
GINS,2024-12-24,1111.0,1478.0,33.03330333033303
GINS,2026-06-21,810.0,1148.0,41.728395061728385
GINS,2026-06-28,1049.0,1399.0,33.36510962821735
GINS,2026-06-29,1399.0,2231.0,59.471050750536094
GINS,2026-07-05,1688.0,1251.0,25.888625592417057
IFAHR,2023-04-02,24.0,17.5,27.083333333333336
IFAHR,2023-07-04,25.0,90.0,260.0
INJAZZAT,2025-08-06,150.0,188.0,25.333333333333343
INOVEST,2024-05-16,85.1,109.0,28.084606345475915
INOVEST,2024-09-17,182.0,133.0,26.923076923076927
KBT,2025-03-13,213.0,96.4,54.74178403755868
KBT,2025-03-16,96.4,132.0,36.92946058091287
KFIC,2025-06-18,133.0,188.0,41.35338345864661
KFOUC,2024-10-09,518.0,673.0,29.922779922779917
KGL,2021-11-04,66.1,90.1,36.30862329803328
KGL,2025-09-22,70.9,92.6,30.606488011283474
KHOT,2021-08-12,66.3,83.7,26.244343891402732
KHOT,2021-10-07,85.0,112.0,31.76470588235294
KHOT,2022-03-10,84.9,127.0,49.58775029446407
KHOT,2022-07-18,110.0,160.0,45.45454545454546
KHOT,2023-05-24,132.0,182.0,37.87878787878789
KHOT,2025-02-06,181.0,365.0,101.65745856353593
KHOT,2025-04-29,180.0,238.0,32.22222222222222
KINS,2026-05-14,744.0,492.0,33.87096774193549
KMEFIC,2024-12-05,99.0,130.0,31.313131313131315
KMEFIC,2025-01-21,292.0,216.0,26.027397260273975
KMEFIC,2025-02-03,236.0,160.0,32.20338983050848
KMEFIC,2025-04-17,117.0,155.0,32.47863247863248
KPPC,2026-06-22,79.5,116.0,45.91194968553458
KUWAITRE,2022-02-06,249.0,397.0,59.43775100401607
MADAR,2023-02-14,89.4,113.0,26.39821029082774
MANAZEL,2025-07-20,41.4,54.3,31.159420289855078
MARAKEZ,2021-09-29,46.5,68.0,46.23655913978495
MARAKEZ,2024-07-22,43.4,60.5,39.400921658986185
MARAKEZ,2024-12-02,111.0,79.2,28.648648648648646
MARAKEZ,2025-04-21,73.9,117.0,58.32205683355885
MARAKEZ,2025-04-22,117.0,250.0,113.67521367521367
MARAKEZ,2025-06-11,431.0,599.0,38.97911832946637
MARAKEZ,2025-06-15,620.0,860.0,38.70967741935485
MARAKEZ,2025-06-22,1137.0,1473.0,29.551451187335086
MARAKEZ,2025-06-29,2398.0,1710.0,28.690575479566306
MARAKEZ,2025-07-06,1390.0,2011.0,44.676258992805764
MARAKEZ,2025-10-28,403.0,598.0,48.38709677419355
MASAKEN,2025-05-15,42.7,60.6,41.92037470725995
MENA,2021-10-25,44.7,71.9,60.850111856823276
MENA,2021-10-26,71.9,93.4,29.902642559109882
MENA,2024-02-04,28.3,36.3,28.268551236749097
MENA,2024-09-05,91.0,121.0,32.967032967032964
MENA,2024-09-08,121.0,231.0,90.90909090909092
MENA,2024-09-10,226.0,153.0,32.30088495575221
MENA,2024-09-19,153.0,200.0,30.718954248366014
MIDAN,2022-03-14,1200.0,650.0,45.833333333333336
MIDAN,2024-03-31,795.0,458.0,42.38993710691824
MIDAN,2024-04-21,390.0,599.0,53.5897435897436
MIDAN,2024-04-22,599.0,783.0,30.717863105175304
MIDAN,2025-05-29,563.0,712.0,26.46536412078153
MIDAN,2026-06-24,850.0,1241.0,46.0
MKHZN,2024-04-16,514.0,286.0,44.3579766536965
NCCI,2021-09-19,85.2,121.0,42.018779342723
NIH,2024-09-29,96.0,132.0,37.5
NIH,2024-11-10,310.0,400.0,29.032258064516125
NIH,2025-04-02,166.0,209.0,25.903614457831313
NIH,2026-04-26,122.0,160.0,31.147540983606547
OOREDOO,2022-04-14,862.0,1165.0,35.150812064965194
OULAFUEL,2024-10-15,144.0,204.0,41.66666666666667
OULAFUEL,2024-10-24,179.0,240.0,34.07821229050278
OULAFUEL,2024-11-10,265.0,360.0,35.849056603773576
OULAFUEL,2025-02-23,722.0,424.0,41.27423822714681
OULAFUEL,2025-03-13,674.0,366.0,45.6973293768546
OULAFUEL,2026-06-15,309.0,393.0,27.184466019417485
PAPCO,2021-08-24,50.0,69.7,39.40000000000001
PAPCO,2022-02-06,52.0,69.1,32.88461538461538
PAPCO,2022-09-18,47.8,76.6,60.25104602510461
PAPCO,2024-02-05,67.5,88.8,31.555555555555557
PAPCO,2024-02-11,89.0,202.0,126.96629213483148
PAPCO,2024-02-12,202.0,348.0,72.27722772277228
PAPCO,2024-02-13,348.0,221.0,36.49425287356321
PAPCO,2024-02-28,159.0,221.0,38.99371069182389
PAPCO,2024-10-20,205.0,344.0,67.80487804878048
PAPCO,2025-07-23,264.0,339.0,28.409090909090917
PAPCO,2025-08-03,328.0,445.0,35.670731707317074
PAPCO,2025-08-05,537.0,302.0,43.76163873370578
QIC,2025-07-31,84.4,202.0,139.33649289099526
QIC,2025-08-03,202.0,137.0,32.17821782178218
SANAM,2023-09-05,74.1,150.0,102.42914979757086
SANAM,2025-06-23,235.0,174.0,25.957446808510642
SENERGY,2025-07-20,75.9,97.0,27.79973649538865
SENERGY,2026-06-09,118.0,264.0,123.72881355932202
SOOR,2024-10-15,138.0,195.0,41.30434782608696
SOOR,2025-02-23,324.0,238.0,26.543209876543205
SOOR,2026-06-15,276.0,365.0,32.24637681159421
SPEC,2024-11-10,119.0,150.0,26.050420168067223
STC,2022-02-03,865.0,1116.0,29.01734104046243
STC,2022-04-19,1999.0,938.0,53.076538269134566
TAHSSILAT,2021-11-03,32.4,47.5,46.604938271604944
TAHSSILAT,2022-11-17,15.4,20.6,33.766233766233775
TAHSSILAT,2023-04-12,15.2,20.9,37.5
TAHSSILAT,2023-10-01,22.5,33.0,46.66666666666666
TAHSSILAT,2023-10-02,33.0,22.5,31.818181818181824
TAHSSILAT,2024-01-16,24.1,33.3,38.17427385892114
TAHSSILAT,2024-02-13,29.5,59.7,102.37288135593224
TAHSSILAT,2024-02-19,39.9,51.0,27.819548872180455
TAHSSILAT,2024-02-21,53.2,79.9,50.18796992481202
TAHSSILAT,2024-04-23,35.0,46.0,31.428571428571427
TAHSSILAT,2024-11-12,39.5,52.0,31.645569620253156
TAHSSILAT,2025-06-19,60.9,148.0,143.02134646962236
TAHSSILAT,2025-07-16,95.0,167.0,75.78947368421052
TAHSSILAT,2025-07-17,167.0,477.0,185.62874251497007
TAHSSILAT,2025-07-21,400.0,287.0,28.249999999999996
TAHSSILAT,2026-03-31,117.0,150.0,28.205128205128215
TAMINV,2024-08-15,635.0,1100.0,73.22834645669292
TAMINV,2025-11-25,795.0,1000.0,25.786163522012572
THURAYA,2022-04-10,105.0,137.0,30.476190476190478
THURAYA,2022-05-30,130.0,172.0,32.30769230769231
THURAYA,2022-09-01,120.0,170.0,41.66666666666667
THURAYA,2022-11-27,170.0,225.0,32.35294117647059
THURAYA,2023-05-03,152.0,98.8,35.0
THURAYA,2024-06-10,129.0,87.9,31.86046511627907
THURAYA,2024-06-11,87.9,115.0,30.830489192263922
THURAYA,2025-07-20,145.0,269.0,85.51724137931033
THURAYA,2025-07-27,203.0,258.0,27.093596059113302
THURAYA,2026-06-29,450.0,331.0,26.44444444444445
UNICAP,2023-12-24,55.4,75.5,36.281588447653434
UNICAP,2024-09-05,240.0,320.0,33.33333333333333
UNICAP,2024-09-10,344.0,230.0,33.139534883720934
UNICAP,2024-09-22,175.0,220.0,25.71428571428571
UPAC,2025-07-21,144.0,310.0,115.27777777777777
UPAC,2026-04-23,188.0,316.0,68.08510638297874
WARBACAP,2021-09-30,93.2,128.0,37.33905579399141
WARBACAP,2024-01-21,111.0,162.0,45.945945945945944
WARBACAP,2024-02-05,131.0,165.0,25.954198473282442
WARBACAP,2025-07-09,249.0,324.0,30.12048192771084
WARBACAP,2025-07-20,520.0,660.0,26.923076923076916
WETHAQ,2021-11-02,40.6,98.2,141.87192118226602
WETHAQ,2024-02-12,27.9,39.2,40.501792114695355
WETHAQ,2024-02-13,39.2,49.5,26.27551020408163
WETHAQ,2024-02-21,38.4,48.4,26.041666666666675
WETHAQ,2025-06-19,40.8,71.0,74.01960784313727
WETHAQ,2025-06-22,71.0,125.0,76.05633802816902
WETHAQ,2025-07-17,91.0,149.0,63.73626373626373
WETHAQ,2025-07-28,103.0,130.0,26.21359223300972
WINSRE,2023-02-20,125.0,171.0,36.80000000000001
WINSRE,2023-06-07,162.0,105.0,35.18518518518518
