symbol,trade_date,predicate_name,predicate_value,predicate_pass,threshold,extension_pct,chase_advisory_flag,current_day_value_kwd,trailing_liq,intent_id
BPCC,2025-04-15,ACCUMULATION_CONTEXT_OK,1.0,1,obv_or_anv_or_divergence,0.0,0,438647.452,623657.7799,BPCC::2025-04-15::FLOW_INTENT_V1
BPCC,2025-04-15,CONFIRM_CHASE_GUARD_OK,0.0,0,CHASE_ADVISORY_BAND,0.0,0,438647.452,623657.7799,BPCC::2025-04-15::FLOW_INTENT_V1
BPCC,2025-04-15,CONFIRM_FLOW_CORE_OK,0.10913082281480561,1,cmf_floor,0.0,0,438647.452,623657.7799,BPCC::2025-04-15::FLOW_INTENT_V1
BPCC,2025-04-15,CONFIRM_RELATIVE_VOLUME_CONTEXT_OK,0.7063025728744122,0,volume_breakout_mult,0.0,0,438647.452,623657.7799,BPCC::2025-04-15::FLOW_INTENT_V1
BPCC,2025-04-15,CONFIRM_STRUCTURE_OK,0.0,0,close_gt_base_ref_and_ema_and_rsi_adx,0.0,0,438647.452,623657.7799,BPCC::2025-04-15::FLOW_INTENT_V1
BPCC,2025-04-15,CURRENT_DAY_LIQUIDITY_OK,438647.452,1,min_current_day_value_kwd,0.0,0,438647.452,623657.7799,BPCC::2025-04-15::FLOW_INTENT_V1
BPCC,2025-04-15,FLOW_ACCUMULATION_DIVERGENCE_OK,0.0,0,accumulation_divergence_true,0.0,0,438647.452,623657.7799,BPCC::2025-04-15::FLOW_INTENT_V1
BPCC,2025-04-15,FLOW_ANV_SLOPE_OK,16.387549204617766,1,anv_slope_min,0.0,0,438647.452,623657.7799,BPCC::2025-04-15::FLOW_INTENT_V1
BPCC,2025-04-15,FLOW_OBV_SLOPE_OK,0.006366973806001328,0,obv_slope_min,0.0,0,438647.452,623657.7799,BPCC::2025-04-15::FLOW_INTENT_V1
BPCC,2025-04-15,LIQUIDITY_CONTEXT_OK,623657.7799,1,min_daily_value_kwd,0.0,0,438647.452,623657.7799,BPCC::2025-04-15::FLOW_INTENT_V1
BPCC,2025-04-16,ACCUMULATION_CONTEXT_OK,1.0,1,obv_or_anv_or_divergence,0.0,0,706326.92,622635.8490500001,BPCC::2025-04-16::FLOW_INTENT_V1
BPCC,2025-04-16,CONFIRM_CHASE_GUARD_OK,0.0,0,CHASE_ADVISORY_BAND,0.0,0,706326.92,622635.8490500001,BPCC::2025-04-16::FLOW_INTENT_V1
BPCC,2025-04-16,CONFIRM_FLOW_CORE_OK,0.11086382992066365,1,cmf_floor,0.0,0,706326.92,622635.8490500001,BPCC::2025-04-16::FLOW_INTENT_V1
BPCC,2025-04-16,CONFIRM_RELATIVE_VOLUME_CONTEXT_OK,1.1342046540597306,0,volume_breakout_mult,0.0,0,706326.92,622635.8490500001,BPCC::2025-04-16::FLOW_INTENT_V1
BPCC,2025-04-16,CONFIRM_STRUCTURE_OK,0.0,0,close_gt_base_ref_and_ema_and_rsi_adx,0.0,0,706326.92,622635.8490500001,BPCC::2025-04-16::FLOW_INTENT_V1
BPCC,2025-04-16,CURRENT_DAY_LIQUIDITY_OK,706326.92,1,min_current_day_value_kwd,0.0,0,706326.92,622635.8490500001,BPCC::2025-04-16::FLOW_INTENT_V1
BPCC,2025-04-16,FLOW_ACCUMULATION_DIVERGENCE_OK,0.0,0,accumulation_divergence_true,0.0,0,706326.92,622635.8490500001,BPCC::2025-04-16::FLOW_INTENT_V1
BPCC,2025-04-16,FLOW_ANV_SLOPE_OK,13.228735897248646,1,anv_slope_min,0.0,0,706326.92,622635.8490500001,BPCC::2025-04-16::FLOW_INTENT_V1
BPCC,2025-04-16,FLOW_OBV_SLOPE_OK,0.0038675923288243666,0,obv_slope_min,0.0,0,706326.92,622635.8490500001,BPCC::2025-04-16::FLOW_INTENT_V1
BPCC,2025-04-16,LIQUIDITY_CONTEXT_OK,622635.8490500001,1,min_daily_value_kwd,0.0,0,706326.92,622635.8490500001,BPCC::2025-04-16::FLOW_INTENT_V1
BPCC,2025-04-17,ACCUMULATION_CONTEXT_OK,1.0,1,obv_or_anv_or_divergence,0.0,0,780091.742,636319.2952500001,BPCC::2025-04-17::FLOW_INTENT_V1
BPCC,2025-04-17,CONFIRM_CHASE_GUARD_OK,0.0,0,CHASE_ADVISORY_BAND,0.0,0,780091.742,636319.2952500001,BPCC::2025-04-17::FLOW_INTENT_V1
BPCC,2025-04-17,CONFIRM_FLOW_CORE_OK,0.06797816748746399,1,cmf_floor,0.0,0,780091.742,636319.2952500001,BPCC::2025-04-17::FLOW_INTENT_V1
BPCC,2025-04-17,CONFIRM_RELATIVE_VOLUME_CONTEXT_OK,1.2246159113549087,0,volume_breakout_mult,0.0,0,780091.742,636319.2952500001,BPCC::2025-04-17::FLOW_INTENT_V1
BPCC,2025-04-17,CONFIRM_STRUCTURE_OK,0.0,0,close_gt_base_ref_and_ema_and_rsi_adx,0.0,0,780091.742,636319.2952500001,BPCC::2025-04-17::FLOW_INTENT_V1
BPCC,2025-04-17,CURRENT_DAY_LIQUIDITY_OK,780091.742,1,min_current_day_value_kwd,0.0,0,780091.742,636319.2952500001,BPCC::2025-04-17::FLOW_INTENT_V1
BPCC,2025-04-17,FLOW_ACCUMULATION_DIVERGENCE_OK,0.0,0,accumulation_divergence_true,0.0,0,780091.742,636319.2952500001,BPCC::2025-04-17::FLOW_INTENT_V1
BPCC,2025-04-17,FLOW_ANV_SLOPE_OK,8.043134680202678,1,anv_slope_min,0.0,0,780091.742,636319.2952500001,BPCC::2025-04-17::FLOW_INTENT_V1
BPCC,2025-04-17,FLOW_OBV_SLOPE_OK,-0.0008095591619815704,0,obv_slope_min,0.0,0,780091.742,636319.2952500001,BPCC::2025-04-17::FLOW_INTENT_V1
BPCC,2025-04-17,LIQUIDITY_CONTEXT_OK,636319.2952500001,1,min_daily_value_kwd,0.0,0,780091.742,636319.2952500001,BPCC::2025-04-17::FLOW_INTENT_V1
BPCC,2025-04-20,ACCUMULATION_CONTEXT_OK,1.0,1,obv_or_anv_or_divergence,0.0,0,618750.263,635807.07235,BPCC::2025-04-20::FLOW_INTENT_V1
BPCC,2025-04-20,CONFIRM_CHASE_GUARD_OK,0.0,0,CHASE_ADVISORY_BAND,0.0,0,618750.263,635807.07235,BPCC::2025-04-20::FLOW_INTENT_V1
BPCC,2025-04-20,CONFIRM_FLOW_CORE_OK,0.08695545171153946,1,cmf_floor,0.0,0,618750.263,635807.07235,BPCC::2025-04-20::FLOW_INTENT_V1
BPCC,2025-04-20,CONFIRM_RELATIVE_VOLUME_CONTEXT_OK,0.9723294648589073,0,volume_breakout_mult,0.0,0,618750.263,635807.07235,BPCC::2025-04-20::FLOW_INTENT_V1
BPCC,2025-04-20,CONFIRM_STRUCTURE_OK,0.0,0,close_gt_base_ref_and_ema_and_rsi_adx,0.0,0,618750.263,635807.07235,BPCC::2025-04-20::FLOW_INTENT_V1
BPCC,2025-04-20,CURRENT_DAY_LIQUIDITY_OK,618750.263,1,min_current_day_value_kwd,0.0,0,618750.263,635807.07235,BPCC::2025-04-20::FLOW_INTENT_V1
BPCC,2025-04-20,FLOW_ACCUMULATION_DIVERGENCE_OK,0.0,0,accumulation_divergence_true,0.0,0,618750.263,635807.07235,BPCC::2025-04-20::FLOW_INTENT_V1
BPCC,2025-04-20,FLOW_ANV_SLOPE_OK,9.091773278088294,1,anv_slope_min,0.0,0,618750.263,635807.07235,BPCC::2025-04-20::FLOW_INTENT_V1
BPCC,2025-04-20,FLOW_OBV_SLOPE_OK,0.0006491616760232085,0,obv_slope_min,0.0,0,618750.263,635807.07235,BPCC::2025-04-20::FLOW_INTENT_V1
BPCC,2025-04-20,LIQUIDITY_CONTEXT_OK,635807.07235,1,min_daily_value_kwd,0.0,0,618750.263,635807.07235,BPCC::2025-04-20::FLOW_INTENT_V1
BPCC,2025-04-21,ACCUMULATION_CONTEXT_OK,1.0,1,obv_or_anv_or_divergence,0.0,0,858540.228,648671.47825,BPCC::2025-04-21::FLOW_INTENT_V1
BPCC,2025-04-21,CONFIRM_CHASE_GUARD_OK,0.0,0,CHASE_ADVISORY_BAND,0.0,0,858540.228,648671.47825,BPCC::2025-04-21::FLOW_INTENT_V1
BPCC,2025-04-21,CONFIRM_FLOW_CORE_OK,0.2539404287001087,1,cmf_floor,0.0,0,858540.228,648671.47825,BPCC::2025-04-21::FLOW_INTENT_V1
BPCC,2025-04-21,CONFIRM_RELATIVE_VOLUME_CONTEXT_OK,1.3074680833937549,0,volume_breakout_mult,0.0,0,858540.228,648671.47825,BPCC::2025-04-21::FLOW_INTENT_V1
BPCC,2025-04-21,CONFIRM_STRUCTURE_OK,0.0,0,close_gt_base_ref_and_ema_and_rsi_adx,0.0,0,858540.228,648671.47825,BPCC::2025-04-21::FLOW_INTENT_V1
BPCC,2025-04-21,CURRENT_DAY_LIQUIDITY_OK,858540.228,1,min_current_day_value_kwd,0.0,0,858540.228,648671.47825,BPCC::2025-04-21::FLOW_INTENT_V1
BPCC,2025-04-21,FLOW_ACCUMULATION_DIVERGENCE_OK,0.0,0,accumulation_divergence_true,0.0,0,858540.228,648671.47825,BPCC::2025-04-21::FLOW_INTENT_V1
BPCC,2025-04-21,FLOW_ANV_SLOPE_OK,10.293422551604714,1,anv_slope_min,0.0,0,858540.228,648671.47825,BPCC::2025-04-21::FLOW_INTENT_V1
BPCC,2025-04-21,FLOW_OBV_SLOPE_OK,0.002436438116325992,0,obv_slope_min,0.0,0,858540.228,648671.47825,BPCC::2025-04-21::FLOW_INTENT_V1
BPCC,2025-04-21,LIQUIDITY_CONTEXT_OK,648671.47825,1,min_daily_value_kwd,0.0,0,858540.228,648671.47825,BPCC::2025-04-21::FLOW_INTENT_V1
BPCC,2025-04-22,ACCUMULATION_CONTEXT_OK,1.0,1,obv_or_anv_or_divergence,0.0,0,1549361.161,692654.7575000001,BPCC::2025-04-22::FLOW_INTENT_V1
BPCC,2025-04-22,CONFIRM_CHASE_GUARD_OK,0.0,0,CHASE_ADVISORY_BAND,0.0,0,1549361.161,692654.7575000001,BPCC::2025-04-22::FLOW_INTENT_V1
BPCC,2025-04-22,CONFIRM_FLOW_CORE_OK,0.4198962915250539,1,cmf_floor,0.0,0,1549361.161,692654.7575000001,BPCC::2025-04-22::FLOW_INTENT_V1
BPCC,2025-04-22,CONFIRM_RELATIVE_VOLUME_CONTEXT_OK,2.1563101859019342,0,volume_breakout_mult,0.0,0,1549361.161,692654.7575000001,BPCC::2025-04-22::FLOW_INTENT_V1
BPCC,2025-04-22,CONFIRM_STRUCTURE_OK,0.0,0,close_gt_base_ref_and_ema_and_rsi_adx,0.0,0,1549361.161,692654.7575000001,BPCC::2025-04-22::FLOW_INTENT_V1
BPCC,2025-04-22,CURRENT_DAY_LIQUIDITY_OK,1549361.161,1,min_current_day_value_kwd,0.0,0,1549361.161,692654.7575000001,BPCC::2025-04-22::FLOW_INTENT_V1
BPCC,2025-04-22,FLOW_ACCUMULATION_DIVERGENCE_OK,0.0,0,accumulation_divergence_true,0.0,0,1549361.161,692654.7575000001,BPCC::2025-04-22::FLOW_INTENT_V1
BPCC,2025-04-22,FLOW_ANV_SLOPE_OK,20.256811950456626,1,anv_slope_min,0.0,0,1549361.161,692654.7575000001,BPCC::2025-04-22::FLOW_INTENT_V1
BPCC,2025-04-22,FLOW_OBV_SLOPE_OK,0.012971546874365851,0,obv_slope_min,0.0,0,1549361.161,692654.7575000001,BPCC::2025-04-22::FLOW_INTENT_V1
BPCC,2025-04-22,LIQUIDITY_CONTEXT_OK,692654.7575000001,1,min_daily_value_kwd,0.0,0,1549361.161,692654.7575000001,BPCC::2025-04-22::FLOW_INTENT_V1
BPCC,2025-04-23,ACCUMULATION_CONTEXT_OK,1.0,1,obv_or_anv_or_divergence,0.0,0,694867.772,700357.2983,BPCC::2025-04-23::FLOW_INTENT_V1
BPCC,2025-04-23,CONFIRM_CHASE_GUARD_OK,0.0,0,CHASE_ADVISORY_BAND,0.0,0,694867.772,700357.2983,BPCC::2025-04-23::FLOW_INTENT_V1
BPCC,2025-04-23,CONFIRM_FLOW_CORE_OK,0.4574912553895283,1,cmf_floor,0.0,0,694867.772,700357.2983,BPCC::2025-04-23::FLOW_INTENT_V1
BPCC,2025-04-23,CONFIRM_RELATIVE_VOLUME_CONTEXT_OK,0.950042278878346,0,volume_breakout_mult,0.0,0,694867.772,700357.2983,BPCC::2025-04-23::FLOW_INTENT_V1
BPCC,2025-04-23,CONFIRM_STRUCTURE_OK,0.0,0,close_gt_base_ref_and_ema_and_rsi_adx,0.0,0,694867.772,700357.2983,BPCC::2025-04-23::FLOW_INTENT_V1
BPCC,2025-04-23,CURRENT_DAY_LIQUIDITY_OK,694867.772,1,min_current_day_value_kwd,0.0,0,694867.772,700357.2983,BPCC::2025-04-23::FLOW_INTENT_V1
BPCC,2025-04-23,FLOW_ACCUMULATION_DIVERGENCE_OK,0.0,0,accumulation_divergence_true,0.0,0,694867.772,700357.2983,BPCC::2025-04-23::FLOW_INTENT_V1
BPCC,2025-04-23,FLOW_ANV_SLOPE_OK,35.270203804104895,1,anv_slope_min,0.0,0,694867.772,700357.2983,BPCC::2025-04-23::FLOW_INTENT_V1
BPCC,2025-04-23,FLOW_OBV_SLOPE_OK,0.028237963228875444,0,obv_slope_min,0.0,0,694867.772,700357.2983,BPCC::2025-04-23::FLOW_INTENT_V1
BPCC,2025-04-23,LIQUIDITY_CONTEXT_OK,700357.2983,1,min_daily_value_kwd,0.0,0,694867.772,700357.2983,BPCC::2025-04-23::FLOW_INTENT_V1
BPCC,2025-04-24,ACCUMULATION_CONTEXT_OK,1.0,1,obv_or_anv_or_divergence,0.0,0,970434.248,719076.1333999999,BPCC::2025-04-24::FLOW_INTENT_V1
BPCC,2025-04-24,CONFIRM_CHASE_GUARD_OK,0.0,0,CHASE_ADVISORY_BAND,0.0,0,970434.248,719076.1333999999,BPCC::2025-04-24::FLOW_INTENT_V1
BPCC,2025-04-24,CONFIRM_FLOW_CORE_OK,0.47779010650345793,1,cmf_floor,0.0,0,970434.248,719076.1333999999,BPCC::2025-04-24::FLOW_INTENT_V1
BPCC,2025-04-24,CONFIRM_RELATIVE_VOLUME_CONTEXT_OK,1.2975723053454176,0,volume_breakout_mult,0.0,0,970434.248,719076.1333999999,BPCC::2025-04-24::FLOW_INTENT_V1
BPCC,2025-04-24,CONFIRM_STRUCTURE_OK,0.0,0,close_gt_base_ref_and_ema_and_rsi_adx,0.0,0,970434.248,719076.1333999999,BPCC::2025-04-24::FLOW_INTENT_V1
BPCC,2025-04-24,CURRENT_DAY_LIQUIDITY_OK,970434.248,1,min_current_day_value_kwd,0.0,0,970434.248,719076.1333999999,BPCC::2025-04-24::FLOW_INTENT_V1
BPCC,2025-04-24,FLOW_ACCUMULATION_DIVERGENCE_OK,0.0,0,accumulation_divergence_true,0.0,0,970434.248,719076.1333999999,BPCC::2025-04-24::FLOW_INTENT_V1
BPCC,2025-04-24,FLOW_ANV_SLOPE_OK,45.44307930535224,1,anv_slope_min,0.0,0,970434.248,719076.1333999999,BPCC::2025-04-24::FLOW_INTENT_V1
BPCC,2025-04-24,FLOW_OBV_SLOPE_OK,0.03896211386724774,0,obv_slope_min,0.0,0,970434.248,719076.1333999999,BPCC::2025-04-24::FLOW_INTENT_V1
BPCC,2025-04-24,LIQUIDITY_CONTEXT_OK,719076.1333999999,1,min_daily_value_kwd,0.0,0,970434.248,719076.1333999999,BPCC::2025-04-24::FLOW_INTENT_V1
BPCC,2025-04-27,ACCUMULATION_CONTEXT_OK,1.0,1,obv_or_anv_or_divergence,0.0,0,199895.323,695995.88435,BPCC::2025-04-27::FLOW_INTENT_V1
BPCC,2025-04-27,CONFIRM_CHASE_GUARD_OK,0.0,0,CHASE_ADVISORY_BAND,0.0,0,199895.323,695995.88435,BPCC::2025-04-27::FLOW_INTENT_V1
BPCC,2025-04-27,CONFIRM_FLOW_CORE_OK,0.6237540612447802,1,cmf_floor,0.0,0,199895.323,695995.88435,BPCC::2025-04-27::FLOW_INTENT_V1
BPCC,2025-04-27,CONFIRM_RELATIVE_VOLUME_CONTEXT_OK,0.275937622452503,0,volume_breakout_mult,0.0,0,199895.323,695995.88435,BPCC::2025-04-27::FLOW_INTENT_V1
BPCC,2025-04-27,CONFIRM_STRUCTURE_OK,0.0,0,close_gt_base_ref_and_ema_and_rsi_adx,0.0,0,199895.323,695995.88435,BPCC::2025-04-27::FLOW_INTENT_V1
BPCC,2025-04-27,CURRENT_DAY_LIQUIDITY_OK,199895.323,1,min_current_day_value_kwd,0.0,0,199895.323,695995.88435,BPCC::2025-04-27::FLOW_INTENT_V1
BPCC,2025-04-27,FLOW_ACCUMULATION_DIVERGENCE_OK,0.0,0,accumulation_divergence_true,0.0,0,199895.323,695995.88435,BPCC::2025-04-27::FLOW_INTENT_V1
BPCC,2025-04-27,FLOW_ANV_SLOPE_OK,60.41995595852337,1,anv_slope_min,0.0,0,199895.323,695995.88435,BPCC::2025-04-27::FLOW_INTENT_V1
BPCC,2025-04-27,FLOW_OBV_SLOPE_OK,0.05416526022082842,0,obv_slope_min,0.0,0,199895.323,695995.88435,BPCC::2025-04-27::FLOW_INTENT_V1
BPCC,2025-04-27,LIQUIDITY_CONTEXT_OK,695995.88435,1,min_daily_value_kwd,0.0,0,199895.323,695995.88435,BPCC::2025-04-27::FLOW_INTENT_V1
BPCC,2025-04-28,ACCUMULATION_CONTEXT_OK,1.0,1,obv_or_anv_or_divergence,0.0,0,368768.444,674181.40335,BPCC::2025-04-28::FLOW_INTENT_V1
BPCC,2025-04-28,CONFIRM_CHASE_GUARD_OK,0.0,0,CHASE_ADVISORY_BAND,0.0,0,368768.444,674181.40335,BPCC::2025-04-28::FLOW_INTENT_V1
BPCC,2025-04-28,CONFIRM_FLOW_CORE_OK,0.5637980116463914,1,cmf_floor,0.0,0,368768.444,674181.40335,BPCC::2025-04-28::FLOW_INTENT_V1
BPCC,2025-04-28,CONFIRM_RELATIVE_VOLUME_CONTEXT_OK,0.529305227300787,0,volume_breakout_mult,0.0,0,368768.444,674181.40335,BPCC::2025-04-28::FLOW_INTENT_V1
BPCC,2025-04-28,CONFIRM_STRUCTURE_OK,0.0,0,close_gt_base_ref_and_ema_and_rsi_adx,0.0,0,368768.444,674181.40335,BPCC::2025-04-28::FLOW_INTENT_V1
BPCC,2025-04-28,CURRENT_DAY_LIQUIDITY_OK,368768.444,1,min_current_day_value_kwd,0.0,0,368768.444,674181.40335,BPCC::2025-04-28::FLOW_INTENT_V1
BPCC,2025-04-28,FLOW_ACCUMULATION_DIVERGENCE_OK,0.0,0,accumulation_divergence_true,0.0,0,368768.444,674181.40335,BPCC::2025-04-28::FLOW_INTENT_V1
BPCC,2025-04-28,FLOW_ANV_SLOPE_OK,72.14904870395324,1,anv_slope_min,0.0,0,368768.444,674181.40335,BPCC::2025-04-28::FLOW_INTENT_V1
BPCC,2025-04-28,FLOW_OBV_SLOPE_OK,0.06634557446476747,0,obv_slope_min,0.0,0,368768.444,674181.40335,BPCC::2025-04-28::FLOW_INTENT_V1
BPCC,2025-04-28,LIQUIDITY_CONTEXT_OK,674181.40335,1,min_daily_value_kwd,0.0,0,368768.444,674181.40335,BPCC::2025-04-28::FLOW_INTENT_V1
BPCC,2025-04-29,ACCUMULATION_CONTEXT_OK,1.0,1,obv_or_anv_or_divergence,0.0,0,660994.894,679401.3439499999,BPCC::2025-04-29::FLOW_INTENT_V1
BPCC,2025-04-29,CONFIRM_CHASE_GUARD_OK,0.0,0,CHASE_ADVISORY_BAND,0.0,0,660994.894,679401.3439499999,BPCC::2025-04-29::FLOW_INTENT_V1
BPCC,2025-04-29,CONFIRM_FLOW_CORE_OK,0.5168240604052586,1,cmf_floor,0.0,0,660994.894,679401.3439499999,BPCC::2025-04-29::FLOW_INTENT_V1
BPCC,2025-04-29,CONFIRM_RELATIVE_VOLUME_CONTEXT_OK,0.9445322402321894,0,volume_breakout_mult,0.0,0,660994.894,679401.3439499999,BPCC::2025-04-29::FLOW_INTENT_V1
BPCC,2025-04-29,CONFIRM_STRUCTURE_OK,0.0,0,close_gt_base_ref_and_ema_and_rsi_adx,0.0,0,660994.894,679401.3439499999,BPCC::2025-04-29::FLOW_INTENT_V1
BPCC,2025-04-29,CURRENT_DAY_LIQUIDITY_OK,660994.894,1,min_current_day_value_kwd,0.0,0,660994.894,679401.3439499999,BPCC::2025-04-29::FLOW_INTENT_V1
BPCC,2025-04-29,FLOW_ACCUMULATION_DIVERGENCE_OK,1.0,1,accumulation_divergence_true,0.0,0,660994.894,679401.3439499999,BPCC::2025-04-29::FLOW_INTENT_V1
BPCC,2025-04-29,FLOW_ANV_SLOPE_OK,96.90846489856555,1,anv_slope_min,0.0,0,660994.894,679401.3439499999,BPCC::2025-04-29::FLOW_INTENT_V1
BPCC,2025-04-29,FLOW_OBV_SLOPE_OK,0.09089208815060397,0,obv_slope_min,0.0,0,660994.894,679401.3439499999,BPCC::2025-04-29::FLOW_INTENT_V1
BPCC,2025-04-29,LIQUIDITY_CONTEXT_OK,679401.3439499999,1,min_daily_value_kwd,0.0,0,660994.894,679401.3439499999,BPCC::2025-04-29::FLOW_INTENT_V1
BPCC,2025-04-30,ACCUMULATION_CONTEXT_OK,1.0,1,obv_or_anv_or_divergence,0.0,0,898877.361,702166.90805,BPCC::2025-04-30::FLOW_INTENT_V1
BPCC,2025-04-30,CONFIRM_CHASE_GUARD_OK,0.0,0,CHASE_ADVISORY_BAND,0.0,0,898877.361,702166.90805,BPCC::2025-04-30::FLOW_INTENT_V1
BPCC,2025-04-30,CONFIRM_FLOW_CORE_OK,0.38315138209408345,1,cmf_floor,0.0,0,898877.361,702166.90805,BPCC::2025-04-30::FLOW_INTENT_V1
BPCC,2025-04-30,CONFIRM_RELATIVE_VOLUME_CONTEXT_OK,1.2468320595787763,0,volume_breakout_mult,0.0,0,898877.361,702166.90805,BPCC::2025-04-30::FLOW_INTENT_V1
BPCC,2025-04-30,CONFIRM_STRUCTURE_OK,0.0,0,close_gt_base_ref_and_ema_and_rsi_adx,0.0,0,898877.361,702166.90805,BPCC::2025-04-30::FLOW_INTENT_V1
BPCC,2025-04-30,CURRENT_DAY_LIQUIDITY_OK,898877.361,1,min_current_day_value_kwd,0.0,0,898877.361,702166.90805,BPCC::2025-04-30::FLOW_INTENT_V1
BPCC,2025-04-30,FLOW_ACCUMULATION_DIVERGENCE_OK,1.0,1,accumulation_divergence_true,0.0,0,898877.361,702166.90805,BPCC::2025-04-30::FLOW_INTENT_V1
BPCC,2025-04-30,FLOW_ANV_SLOPE_OK,115.77660504964231,1,anv_slope_min,0.0,0,898877.361,702166.90805,BPCC::2025-04-30::FLOW_INTENT_V1
BPCC,2025-04-30,FLOW_OBV_SLOPE_OK,0.10990785759159667,1,obv_slope_min,0.0,0,898877.361,702166.90805,BPCC::2025-04-30::FLOW_INTENT_V1
BPCC,2025-04-30,LIQUIDITY_CONTEXT_OK,702166.90805,1,min_daily_value_kwd,0.0,0,898877.361,702166.90805,BPCC::2025-04-30::FLOW_INTENT_V1
SANAM,2025-04-15,ACCUMULATION_CONTEXT_OK,1.0,1,obv_or_anv_or_divergence,0.0,0,84647.097,269757.4602,SANAM::2025-04-15::FLOW_INTENT_V1
SANAM,2025-04-15,CONFIRM_CHASE_GUARD_OK,0.0,0,CHASE_ADVISORY_BAND,0.0,0,84647.097,269757.4602,SANAM::2025-04-15::FLOW_INTENT_V1
SANAM,2025-04-15,CONFIRM_FLOW_CORE_OK,0.35908540223355884,1,cmf_floor,0.0,0,84647.097,269757.4602,SANAM::2025-04-15::FLOW_INTENT_V1
SANAM,2025-04-15,CONFIRM_RELATIVE_VOLUME_CONTEXT_OK,0.3284083259879201,0,volume_breakout_mult,0.0,0,84647.097,269757.4602,SANAM::2025-04-15::FLOW_INTENT_V1
SANAM,2025-04-15,CONFIRM_STRUCTURE_OK,0.0,0,close_gt_base_ref_and_ema_and_rsi_adx,0.0,0,84647.097,269757.4602,SANAM::2025-04-15::FLOW_INTENT_V1
SANAM,2025-04-15,CURRENT_DAY_LIQUIDITY_OK,84647.097,1,min_current_day_value_kwd,0.0,0,84647.097,269757.4602,SANAM::2025-04-15::FLOW_INTENT_V1
SANAM,2025-04-15,FLOW_ACCUMULATION_DIVERGENCE_OK,0.0,0,accumulation_divergence_true,0.0,0,84647.097,269757.4602,SANAM::2025-04-15::FLOW_INTENT_V1
SANAM,2025-04-15,FLOW_ANV_SLOPE_OK,391.1994111618554,1,anv_slope_min,0.0,0,84647.097,269757.4602,SANAM::2025-04-15::FLOW_INTENT_V1
SANAM,2025-04-15,FLOW_OBV_SLOPE_OK,0.37717259581165175,1,obv_slope_min,0.0,0,84647.097,269757.4602,SANAM::2025-04-15::FLOW_INTENT_V1
SANAM,2025-04-15,LIQUIDITY_CONTEXT_OK,269757.4602,1,min_daily_value_kwd,0.0,0,84647.097,269757.4602,SANAM::2025-04-15::FLOW_INTENT_V1
SANAM,2025-04-16,ACCUMULATION_CONTEXT_OK,1.0,1,obv_or_anv_or_divergence,0.0,0,287380.359,272090.2143,SANAM::2025-04-16::FLOW_INTENT_V1
SANAM,2025-04-16,CONFIRM_CHASE_GUARD_OK,0.0,0,CHASE_ADVISORY_BAND,0.0,0,287380.359,272090.2143,SANAM::2025-04-16::FLOW_INTENT_V1
SANAM,2025-04-16,CONFIRM_FLOW_CORE_OK,0.31349421257962307,1,cmf_floor,0.0,0,287380.359,272090.2143,SANAM::2025-04-16::FLOW_INTENT_V1
SANAM,2025-04-16,CONFIRM_RELATIVE_VOLUME_CONTEXT_OK,1.1067245023337375,0,volume_breakout_mult,0.0,0,287380.359,272090.2143,SANAM::2025-04-16::FLOW_INTENT_V1
SANAM,2025-04-16,CONFIRM_STRUCTURE_OK,0.0,0,close_gt_base_ref_and_ema_and_rsi_adx,0.0,0,287380.359,272090.2143,SANAM::2025-04-16::FLOW_INTENT_V1
SANAM,2025-04-16,CURRENT_DAY_LIQUIDITY_OK,287380.359,1,min_current_day_value_kwd,0.0,0,287380.359,272090.2143,SANAM::2025-04-16::FLOW_INTENT_V1
SANAM,2025-04-16,FLOW_ACCUMULATION_DIVERGENCE_OK,0.0,0,accumulation_divergence_true,0.0,0,287380.359,272090.2143,SANAM::2025-04-16::FLOW_INTENT_V1
SANAM,2025-04-16,FLOW_ANV_SLOPE_OK,404.33391609428406,1,anv_slope_min,0.0,0,287380.359,272090.2143,SANAM::2025-04-16::FLOW_INTENT_V1
SANAM,2025-04-16,FLOW_OBV_SLOPE_OK,0.3879680189740606,1,obv_slope_min,0.0,0,287380.359,272090.2143,SANAM::2025-04-16::FLOW_INTENT_V1
SANAM,2025-04-16,LIQUIDITY_CONTEXT_OK,272090.2143,1,min_daily_value_kwd,0.0,0,287380.359,272090.2143,SANAM::2025-04-16::FLOW_INTENT_V1
SANAM,2025-04-17,ACCUMULATION_CONTEXT_OK,1.0,1,obv_or_anv_or_divergence,0.0,0,174446.292,266706.0889,SANAM::2025-04-17::FLOW_INTENT_V1
SANAM,2025-04-17,CONFIRM_CHASE_GUARD_OK,0.0,0,CHASE_ADVISORY_BAND,0.0,0,174446.292,266706.0889,SANAM::2025-04-17::FLOW_INTENT_V1
SANAM,2025-04-17,CONFIRM_FLOW_CORE_OK,0.3120587485506128,1,cmf_floor,0.0,0,174446.292,266706.0889,SANAM::2025-04-17::FLOW_INTENT_V1
SANAM,2025-04-17,CONFIRM_RELATIVE_VOLUME_CONTEXT_OK,0.6824550496088077,0,volume_breakout_mult,0.0,0,174446.292,266706.0889,SANAM::2025-04-17::FLOW_INTENT_V1
SANAM,2025-04-17,CONFIRM_STRUCTURE_OK,0.0,0,close_gt_base_ref_and_ema_and_rsi_adx,0.0,0,174446.292,266706.0889,SANAM::2025-04-17::FLOW_INTENT_V1
SANAM,2025-04-17,CURRENT_DAY_LIQUIDITY_OK,174446.292,1,min_current_day_value_kwd,0.0,0,174446.292,266706.0889,SANAM::2025-04-17::FLOW_INTENT_V1
SANAM,2025-04-17,FLOW_ACCUMULATION_DIVERGENCE_OK,0.0,0,accumulation_divergence_true,0.0,0,174446.292,266706.0889,SANAM::2025-04-17::FLOW_INTENT_V1
SANAM,2025-04-17,FLOW_ANV_SLOPE_OK,423.2091237248888,1,anv_slope_min,0.0,0,174446.292,266706.0889,SANAM::2025-04-17::FLOW_INTENT_V1
SANAM,2025-04-17,FLOW_OBV_SLOPE_OK,0.40487008140937,1,obv_slope_min,0.0,0,174446.292,266706.0889,SANAM::2025-04-17::FLOW_INTENT_V1
SANAM,2025-04-17,LIQUIDITY_CONTEXT_OK,266706.0889,1,min_daily_value_kwd,0.0,0,174446.292,266706.0889,SANAM::2025-04-17::FLOW_INTENT_V1
SANAM,2025-04-20,ACCUMULATION_CONTEXT_OK,1.0,1,obv_or_anv_or_divergence,0.0,0,149699.67,272336.648,SANAM::2025-04-20::FLOW_INTENT_V1
SANAM,2025-04-20,CONFIRM_CHASE_GUARD_OK,0.0,0,CHASE_ADVISORY_BAND,0.0,0,149699.67,272336.648,SANAM::2025-04-20::FLOW_INTENT_V1
SANAM,2025-04-20,CONFIRM_FLOW_CORE_OK,0.31658986968017944,1,cmf_floor,0.0,0,149699.67,272336.648,SANAM::2025-04-20::FLOW_INTENT_V1
SANAM,2025-04-20,CONFIRM_RELATIVE_VOLUME_CONTEXT_OK,0.5551708368353387,0,volume_breakout_mult,0.0,0,149699.67,272336.648,SANAM::2025-04-20::FLOW_INTENT_V1
SANAM,2025-04-20,CONFIRM_STRUCTURE_OK,0.0,0,close_gt_base_ref_and_ema_and_rsi_adx,0.0,0,149699.67,272336.648,SANAM::2025-04-20::FLOW_INTENT_V1
SANAM,2025-04-20,CURRENT_DAY_LIQUIDITY_OK,149699.67,1,min_current_day_value_kwd,0.0,0,149699.67,272336.648,SANAM::2025-04-20::FLOW_INTENT_V1
SANAM,2025-04-20,FLOW_ACCUMULATION_DIVERGENCE_OK,0.0,0,accumulation_divergence_true,0.0,0,149699.67,272336.648,SANAM::2025-04-20::FLOW_INTENT_V1
SANAM,2025-04-20,FLOW_ANV_SLOPE_OK,442.85132925622304,1,anv_slope_min,0.0,0,149699.67,272336.648,SANAM::2025-04-20::FLOW_INTENT_V1
SANAM,2025-04-20,FLOW_OBV_SLOPE_OK,0.4229955059688133,1,obv_slope_min,0.0,0,149699.67,272336.648,SANAM::2025-04-20::FLOW_INTENT_V1
SANAM,2025-04-20,LIQUIDITY_CONTEXT_OK,272336.648,1,min_daily_value_kwd,0.0,0,149699.67,272336.648,SANAM::2025-04-20::FLOW_INTENT_V1
SANAM,2025-04-21,ACCUMULATION_CONTEXT_OK,1.0,1,obv_or_anv_or_divergence,0.0,0,42353.425,271250.38915,SANAM::2025-04-21::FLOW_INTENT_V1
SANAM,2025-04-21,CONFIRM_CHASE_GUARD_OK,0.0,0,CHASE_ADVISORY_BAND,0.0,0,42353.425,271250.38915,SANAM::2025-04-21::FLOW_INTENT_V1
SANAM,2025-04-21,CONFIRM_FLOW_CORE_OK,0.323058850861101,1,cmf_floor,0.0,0,42353.425,271250.38915,SANAM::2025-04-21::FLOW_INTENT_V1
SANAM,2025-04-21,CONFIRM_RELATIVE_VOLUME_CONTEXT_OK,0.1594948033212869,0,volume_breakout_mult,0.0,0,42353.425,271250.38915,SANAM::2025-04-21::FLOW_INTENT_V1
SANAM,2025-04-21,CONFIRM_STRUCTURE_OK,0.0,0,close_gt_base_ref_and_ema_and_rsi_adx,0.0,0,42353.425,271250.38915,SANAM::2025-04-21::FLOW_INTENT_V1
SANAM,2025-04-21,CURRENT_DAY_LIQUIDITY_OK,42353.425,0,min_current_day_value_kwd,0.0,0,42353.425,271250.38915,SANAM::2025-04-21::FLOW_INTENT_V1
SANAM,2025-04-21,FLOW_ACCUMULATION_DIVERGENCE_OK,0.0,0,accumulation_divergence_true,0.0,0,42353.425,271250.38915,SANAM::2025-04-21::FLOW_INTENT_V1
SANAM,2025-04-21,FLOW_ANV_SLOPE_OK,509.1537143160202,1,anv_slope_min,0.0,0,42353.425,271250.38915,SANAM::2025-04-21::FLOW_INTENT_V1
SANAM,2025-04-21,FLOW_OBV_SLOPE_OK,0.48499225628065074,1,obv_slope_min,0.0,0,42353.425,271250.38915,SANAM::2025-04-21::FLOW_INTENT_V1
SANAM,2025-04-21,LIQUIDITY_CONTEXT_OK,271250.38915,1,min_daily_value_kwd,0.0,0,42353.425,271250.38915,SANAM::2025-04-21::FLOW_INTENT_V1
SANAM,2025-04-22,ACCUMULATION_CONTEXT_OK,1.0,1,obv_or_anv_or_divergence,0.0,0,58281.866,273941.21995,SANAM::2025-04-22::FLOW_INTENT_V1
SANAM,2025-04-22,CONFIRM_CHASE_GUARD_OK,0.0,0,CHASE_ADVISORY_BAND,0.0,0,58281.866,273941.21995,SANAM::2025-04-22::FLOW_INTENT_V1
SANAM,2025-04-22,CONFIRM_FLOW_CORE_OK,0.3054009919401494,1,cmf_floor,0.0,0,58281.866,273941.21995,SANAM::2025-04-22::FLOW_INTENT_V1
SANAM,2025-04-22,CONFIRM_RELATIVE_VOLUME_CONTEXT_OK,0.21830532257550148,0,volume_breakout_mult,0.0,0,58281.866,273941.21995,SANAM::2025-04-22::FLOW_INTENT_V1
SANAM,2025-04-22,CONFIRM_STRUCTURE_OK,0.0,0,close_gt_base_ref_and_ema_and_rsi_adx,0.0,0,58281.866,273941.21995,SANAM::2025-04-22::FLOW_INTENT_V1
SANAM,2025-04-22,CURRENT_DAY_LIQUIDITY_OK,58281.866,1,min_current_day_value_kwd,0.0,0,58281.866,273941.21995,SANAM::2025-04-22::FLOW_INTENT_V1
SANAM,2025-04-22,FLOW_ACCUMULATION_DIVERGENCE_OK,0.0,0,accumulation_divergence_true,0.0,0,58281.866,273941.21995,SANAM::2025-04-22::FLOW_INTENT_V1
SANAM,2025-04-22,FLOW_ANV_SLOPE_OK,553.1579334572447,1,anv_slope_min,0.0,0,58281.866,273941.21995,SANAM::2025-04-22::FLOW_INTENT_V1
SANAM,2025-04-22,FLOW_OBV_SLOPE_OK,0.5262416903952762,1,obv_slope_min,0.0,0,58281.866,273941.21995,SANAM::2025-04-22::FLOW_INTENT_V1
SANAM,2025-04-22,LIQUIDITY_CONTEXT_OK,273941.21995,1,min_daily_value_kwd,0.0,0,58281.866,273941.21995,SANAM::2025-04-22::FLOW_INTENT_V1
SANAM,2025-04-23,ACCUMULATION_CONTEXT_OK,1.0,1,obv_or_anv_or_divergence,0.0,0,11649.02,274389.04505,SANAM::2025-04-23::FLOW_INTENT_V1
SANAM,2025-04-23,CONFIRM_CHASE_GUARD_OK,0.0,0,CHASE_ADVISORY_BAND,0.0,0,11649.02,274389.04505,SANAM::2025-04-23::FLOW_INTENT_V1
SANAM,2025-04-23,CONFIRM_FLOW_CORE_OK,-0.43338992010501304,0,cmf_floor,0.0,0,11649.02,274389.04505,SANAM::2025-04-23::FLOW_INTENT_V1
SANAM,2025-04-23,CONFIRM_RELATIVE_VOLUME_CONTEXT_OK,0.04341212695663296,0,volume_breakout_mult,0.0,0,11649.02,274389.04505,SANAM::2025-04-23::FLOW_INTENT_V1
SANAM,2025-04-23,CONFIRM_STRUCTURE_OK,0.0,0,close_gt_base_ref_and_ema_and_rsi_adx,0.0,0,11649.02,274389.04505,SANAM::2025-04-23::FLOW_INTENT_V1
SANAM,2025-04-23,CURRENT_DAY_LIQUIDITY_OK,11649.02,0,min_current_day_value_kwd,0.0,0,11649.02,274389.04505,SANAM::2025-04-23::FLOW_INTENT_V1
SANAM,2025-04-23,FLOW_ACCUMULATION_DIVERGENCE_OK,0.0,0,accumulation_divergence_true,0.0,0,11649.02,274389.04505,SANAM::2025-04-23::FLOW_INTENT_V1
SANAM,2025-04-23,FLOW_ANV_SLOPE_OK,582.8517347181418,1,anv_slope_min,0.0,0,11649.02,274389.04505,SANAM::2025-04-23::FLOW_INTENT_V1
SANAM,2025-04-23,FLOW_OBV_SLOPE_OK,0.5541815948617754,1,obv_slope_min,0.0,0,11649.02,274389.04505,SANAM::2025-04-23::FLOW_INTENT_V1
SANAM,2025-04-23,LIQUIDITY_CONTEXT_OK,274389.04505,1,min_daily_value_kwd,0.0,0,11649.02,274389.04505,SANAM::2025-04-23::FLOW_INTENT_V1
SANAM,2025-04-24,ACCUMULATION_CONTEXT_OK,1.0,1,obv_or_anv_or_divergence,0.0,0,49700.805,276392.6113,SANAM::2025-04-24::FLOW_INTENT_V1
SANAM,2025-04-24,CONFIRM_CHASE_GUARD_OK,0.0,0,CHASE_ADVISORY_BAND,0.0,0,49700.805,276392.6113,SANAM::2025-04-24::FLOW_INTENT_V1
SANAM,2025-04-24,CONFIRM_FLOW_CORE_OK,-0.22450328766314853,0,cmf_floor,0.0,0,49700.805,276392.6113,SANAM::2025-04-24::FLOW_INTENT_V1
SANAM,2025-04-24,CONFIRM_RELATIVE_VOLUME_CONTEXT_OK,0.18354829031527264,0,volume_breakout_mult,0.0,0,49700.805,276392.6113,SANAM::2025-04-24::FLOW_INTENT_V1
SANAM,2025-04-24,CONFIRM_STRUCTURE_OK,0.0,0,close_gt_base_ref_and_ema_and_rsi_adx,0.0,0,49700.805,276392.6113,SANAM::2025-04-24::FLOW_INTENT_V1
SANAM,2025-04-24,CURRENT_DAY_LIQUIDITY_OK,49700.805,0,min_current_day_value_kwd,0.0,0,49700.805,276392.6113,SANAM::2025-04-24::FLOW_INTENT_V1
SANAM,2025-04-24,FLOW_ACCUMULATION_DIVERGENCE_OK,0.0,0,accumulation_divergence_true,0.0,0,49700.805,276392.6113,SANAM::2025-04-24::FLOW_INTENT_V1
SANAM,2025-04-24,FLOW_ANV_SLOPE_OK,603.4861809806789,1,anv_slope_min,0.0,0,49700.805,276392.6113,SANAM::2025-04-24::FLOW_INTENT_V1
SANAM,2025-04-24,FLOW_OBV_SLOPE_OK,0.5733959115020265,1,obv_slope_min,0.0,0,49700.805,276392.6113,SANAM::2025-04-24::FLOW_INTENT_V1
SANAM,2025-04-24,LIQUIDITY_CONTEXT_OK,276392.6113,1,min_daily_value_kwd,0.0,0,49700.805,276392.6113,SANAM::2025-04-24::FLOW_INTENT_V1
SANAM,2025-04-27,ACCUMULATION_CONTEXT_OK,1.0,1,obv_or_anv_or_divergence,0.0,0,26867.233,276656.96425,SANAM::2025-04-27::FLOW_INTENT_V1
SANAM,2025-04-27,CONFIRM_CHASE_GUARD_OK,0.0,0,CHASE_ADVISORY_BAND,0.0,0,26867.233,276656.96425,SANAM::2025-04-27::FLOW_INTENT_V1
SANAM,2025-04-27,CONFIRM_FLOW_CORE_OK,-0.1867949826735012,0,cmf_floor,0.0,0,26867.233,276656.96425,SANAM::2025-04-27::FLOW_INTENT_V1
SANAM,2025-04-27,CONFIRM_RELATIVE_VOLUME_CONTEXT_OK,0.09888433570836128,0,volume_breakout_mult,0.0,0,26867.233,276656.96425,SANAM::2025-04-27::FLOW_INTENT_V1
SANAM,2025-04-27,CONFIRM_STRUCTURE_OK,0.0,0,close_gt_base_ref_and_ema_and_rsi_adx,0.0,0,26867.233,276656.96425,SANAM::2025-04-27::FLOW_INTENT_V1
SANAM,2025-04-27,CURRENT_DAY_LIQUIDITY_OK,26867.233,0,min_current_day_value_kwd,0.0,0,26867.233,276656.96425,SANAM::2025-04-27::FLOW_INTENT_V1
SANAM,2025-04-27,FLOW_ACCUMULATION_DIVERGENCE_OK,0.0,0,accumulation_divergence_true,0.0,0,26867.233,276656.96425,SANAM::2025-04-27::FLOW_INTENT_V1
SANAM,2025-04-27,FLOW_ANV_SLOPE_OK,636.637114506939,1,anv_slope_min,0.0,0,26867.233,276656.96425,SANAM::2025-04-27::FLOW_INTENT_V1
SANAM,2025-04-27,FLOW_OBV_SLOPE_OK,0.6045080646356168,1,obv_slope_min,0.0,0,26867.233,276656.96425,SANAM::2025-04-27::FLOW_INTENT_V1
SANAM,2025-04-27,LIQUIDITY_CONTEXT_OK,276656.96425,1,min_daily_value_kwd,0.0,0,26867.233,276656.96425,SANAM::2025-04-27::FLOW_INTENT_V1
SANAM,2025-04-28,ACCUMULATION_CONTEXT_OK,1.0,1,obv_or_anv_or_divergence,0.0,0,368123.472,293455.65105,SANAM::2025-04-28::FLOW_INTENT_V1
SANAM,2025-04-28,CONFIRM_CHASE_GUARD_OK,0.0,0,CHASE_ADVISORY_BAND,0.0,0,368123.472,293455.65105,SANAM::2025-04-28::FLOW_INTENT_V1
SANAM,2025-04-28,CONFIRM_FLOW_CORE_OK,-0.13839307246438418,0,cmf_floor,0.0,0,368123.472,293455.65105,SANAM::2025-04-28::FLOW_INTENT_V1
SANAM,2025-04-28,CONFIRM_RELATIVE_VOLUME_CONTEXT_OK,1.2256931367354875,0,volume_breakout_mult,0.0,0,368123.472,293455.65105,SANAM::2025-04-28::FLOW_INTENT_V1
SANAM,2025-04-28,CONFIRM_STRUCTURE_OK,0.0,0,close_gt_base_ref_and_ema_and_rsi_adx,0.0,0,368123.472,293455.65105,SANAM::2025-04-28::FLOW_INTENT_V1
SANAM,2025-04-28,CURRENT_DAY_LIQUIDITY_OK,368123.472,1,min_current_day_value_kwd,0.0,0,368123.472,293455.65105,SANAM::2025-04-28::FLOW_INTENT_V1
SANAM,2025-04-28,FLOW_ACCUMULATION_DIVERGENCE_OK,1.0,1,accumulation_divergence_true,0.0,0,368123.472,293455.65105,SANAM::2025-04-28::FLOW_INTENT_V1
SANAM,2025-04-28,FLOW_ANV_SLOPE_OK,632.1874815557838,1,anv_slope_min,0.0,0,368123.472,293455.65105,SANAM::2025-04-28::FLOW_INTENT_V1
SANAM,2025-04-28,FLOW_OBV_SLOPE_OK,0.6011157365273003,1,obv_slope_min,0.0,0,368123.472,293455.65105,SANAM::2025-04-28::FLOW_INTENT_V1
SANAM,2025-04-28,LIQUIDITY_CONTEXT_OK,293455.65105,1,min_daily_value_kwd,0.0,0,368123.472,293455.65105,SANAM::2025-04-28::FLOW_INTENT_V1
SANAM,2025-04-29,ACCUMULATION_CONTEXT_OK,1.0,1,obv_or_anv_or_divergence,0.0,0,255210.526,283740.5938,SANAM::2025-04-29::FLOW_INTENT_V1
SANAM,2025-04-29,CONFIRM_CHASE_GUARD_OK,0.0,0,CHASE_ADVISORY_BAND,0.0,0,255210.526,283740.5938,SANAM::2025-04-29::FLOW_INTENT_V1
SANAM,2025-04-29,CONFIRM_FLOW_CORE_OK,-0.2530633781486553,0,cmf_floor,0.0,0,255210.526,283740.5938,SANAM::2025-04-29::FLOW_INTENT_V1
SANAM,2025-04-29,CONFIRM_RELATIVE_VOLUME_CONTEXT_OK,0.8846359400472994,0,volume_breakout_mult,0.0,0,255210.526,283740.5938,SANAM::2025-04-29::FLOW_INTENT_V1
SANAM,2025-04-29,CONFIRM_STRUCTURE_OK,0.0,0,close_gt_base_ref_and_ema_and_rsi_adx,0.0,0,255210.526,283740.5938,SANAM::2025-04-29::FLOW_INTENT_V1
SANAM,2025-04-29,CURRENT_DAY_LIQUIDITY_OK,255210.526,1,min_current_day_value_kwd,0.0,0,255210.526,283740.5938,SANAM::2025-04-29::FLOW_INTENT_V1
SANAM,2025-04-29,FLOW_ACCUMULATION_DIVERGENCE_OK,1.0,1,accumulation_divergence_true,0.0,0,255210.526,283740.5938,SANAM::2025-04-29::FLOW_INTENT_V1
SANAM,2025-04-29,FLOW_ANV_SLOPE_OK,629.4216974786259,1,anv_slope_min,0.0,0,255210.526,283740.5938,SANAM::2025-04-29::FLOW_INTENT_V1
SANAM,2025-04-29,FLOW_OBV_SLOPE_OK,0.598678945026541,1,obv_slope_min,0.0,0,255210.526,283740.5938,SANAM::2025-04-29::FLOW_INTENT_V1
SANAM,2025-04-29,LIQUIDITY_CONTEXT_OK,283740.5938,1,min_daily_value_kwd,0.0,0,255210.526,283740.5938,SANAM::2025-04-29::FLOW_INTENT_V1
SANAM,2025-04-30,ACCUMULATION_CONTEXT_OK,1.0,1,obv_or_anv_or_divergence,0.0,0,156236.541,288460.61824999994,SANAM::2025-04-30::FLOW_INTENT_V1
SANAM,2025-04-30,CONFIRM_CHASE_GUARD_OK,0.0,0,CHASE_ADVISORY_BAND,0.0,0,156236.541,288460.61824999994,SANAM::2025-04-30::FLOW_INTENT_V1
SANAM,2025-04-30,CONFIRM_FLOW_CORE_OK,-0.2629001867178359,0,cmf_floor,0.0,0,156236.541,288460.61824999994,SANAM::2025-04-30::FLOW_INTENT_V1
SANAM,2025-04-30,CONFIRM_RELATIVE_VOLUME_CONTEXT_OK,0.5445453977202689,0,volume_breakout_mult,0.0,0,156236.541,288460.61824999994,SANAM::2025-04-30::FLOW_INTENT_V1
SANAM,2025-04-30,CONFIRM_STRUCTURE_OK,0.0,0,close_gt_base_ref_and_ema_and_rsi_adx,0.0,0,156236.541,288460.61824999994,SANAM::2025-04-30::FLOW_INTENT_V1
SANAM,2025-04-30,CURRENT_DAY_LIQUIDITY_OK,156236.541,1,min_current_day_value_kwd,0.0,0,156236.541,288460.61824999994,SANAM::2025-04-30::FLOW_INTENT_V1
SANAM,2025-04-30,FLOW_ACCUMULATION_DIVERGENCE_OK,1.0,1,accumulation_divergence_true,0.0,0,156236.541,288460.61824999994,SANAM::2025-04-30::FLOW_INTENT_V1
SANAM,2025-04-30,FLOW_ANV_SLOPE_OK,625.7117983606457,1,anv_slope_min,0.0,0,156236.541,288460.61824999994,SANAM::2025-04-30::FLOW_INTENT_V1
SANAM,2025-04-30,FLOW_OBV_SLOPE_OK,0.594741047676544,1,obv_slope_min,0.0,0,156236.541,288460.61824999994,SANAM::2025-04-30::FLOW_INTENT_V1
SANAM,2025-04-30,LIQUIDITY_CONTEXT_OK,288460.61824999994,1,min_daily_value_kwd,0.0,0,156236.541,288460.61824999994,SANAM::2025-04-30::FLOW_INTENT_V1
SANAM,2025-05-05,ACCUMULATION_CONTEXT_OK,1.0,1,obv_or_anv_or_divergence,0.0,0,66108.77,291663.22315,SANAM::2025-05-05::FLOW_INTENT_V1
SANAM,2025-05-05,CONFIRM_CHASE_GUARD_OK,0.0,0,CHASE_ADVISORY_BAND,0.0,0,66108.77,291663.22315,SANAM::2025-05-05::FLOW_INTENT_V1
SANAM,2025-05-05,CONFIRM_FLOW_CORE_OK,-0.48555564005530627,0,cmf_floor,0.0,0,66108.77,291663.22315,SANAM::2025-05-05::FLOW_INTENT_V1
SANAM,2025-05-05,CONFIRM_RELATIVE_VOLUME_CONTEXT_OK,0.23234369406492508,0,volume_breakout_mult,0.0,0,66108.77,291663.22315,SANAM::2025-05-05::FLOW_INTENT_V1
SANAM,2025-05-05,CONFIRM_STRUCTURE_OK,0.0,0,close_gt_base_ref_and_ema_and_rsi_adx,0.0,0,66108.77,291663.22315,SANAM::2025-05-05::FLOW_INTENT_V1
SANAM,2025-05-05,CURRENT_DAY_LIQUIDITY_OK,66108.77,1,min_current_day_value_kwd,0.0,0,66108.77,291663.22315,SANAM::2025-05-05::FLOW_INTENT_V1
SANAM,2025-05-05,FLOW_ACCUMULATION_DIVERGENCE_OK,1.0,1,accumulation_divergence_true,0.0,0,66108.77,291663.22315,SANAM::2025-05-05::FLOW_INTENT_V1
SANAM,2025-05-05,FLOW_ANV_SLOPE_OK,610.8374338624392,1,anv_slope_min,0.0,0,66108.77,291663.22315,SANAM::2025-05-05::FLOW_INTENT_V1
SANAM,2025-05-05,FLOW_OBV_SLOPE_OK,0.5787771873177945,1,obv_slope_min,0.0,0,66108.77,291663.22315,SANAM::2025-05-05::FLOW_INTENT_V1
SANAM,2025-05-05,LIQUIDITY_CONTEXT_OK,291663.22315,1,min_daily_value_kwd,0.0,0,66108.77,291663.22315,SANAM::2025-05-05::FLOW_INTENT_V1
SANAM,2025-05-06,ACCUMULATION_CONTEXT_OK,1.0,1,obv_or_anv_or_divergence,0.0,0,92671.262,285079.93395,SANAM::2025-05-06::FLOW_INTENT_V1
SANAM,2025-05-06,CONFIRM_CHASE_GUARD_OK,0.0,0,CHASE_ADVISORY_BAND,0.0,0,92671.262,285079.93395,SANAM::2025-05-06::FLOW_INTENT_V1
SANAM,2025-05-06,CONFIRM_FLOW_CORE_OK,-0.5160647026576999,0,cmf_floor,0.0,0,92671.262,285079.93395,SANAM::2025-05-06::FLOW_INTENT_V1
SANAM,2025-05-06,CONFIRM_RELATIVE_VOLUME_CONTEXT_OK,0.3350070554828154,0,volume_breakout_mult,0.0,0,92671.262,285079.93395,SANAM::2025-05-06::FLOW_INTENT_V1
SANAM,2025-05-06,CONFIRM_STRUCTURE_OK,0.0,0,close_gt_base_ref_and_ema_and_rsi_adx,0.0,0,92671.262,285079.93395,SANAM::2025-05-06::FLOW_INTENT_V1
SANAM,2025-05-06,CURRENT_DAY_LIQUIDITY_OK,92671.262,1,min_current_day_value_kwd,0.0,0,92671.262,285079.93395,SANAM::2025-05-06::FLOW_INTENT_V1
SANAM,2025-05-06,FLOW_ACCUMULATION_DIVERGENCE_OK,1.0,1,accumulation_divergence_true,0.0,0,92671.262,285079.93395,SANAM::2025-05-06::FLOW_INTENT_V1
SANAM,2025-05-06,FLOW_ANV_SLOPE_OK,603.3519293808811,1,anv_slope_min,0.0,0,92671.262,285079.93395,SANAM::2025-05-06::FLOW_INTENT_V1
SANAM,2025-05-06,FLOW_OBV_SLOPE_OK,0.5713740709418194,1,obv_slope_min,0.0,0,92671.262,285079.93395,SANAM::2025-05-06::FLOW_INTENT_V1
SANAM,2025-05-06,LIQUIDITY_CONTEXT_OK,285079.93395,1,min_daily_value_kwd,0.0,0,92671.262,285079.93395,SANAM::2025-05-06::FLOW_INTENT_V1
SANAM,2025-05-07,ACCUMULATION_CONTEXT_OK,1.0,1,obv_or_anv_or_divergence,0.0,0,113691.395,135440.6614,SANAM::2025-05-07::FLOW_INTENT_V1
SANAM,2025-05-07,CONFIRM_CHASE_GUARD_OK,0.0,0,CHASE_ADVISORY_BAND,0.0,0,113691.395,135440.6614,SANAM::2025-05-07::FLOW_INTENT_V1
SANAM,2025-05-07,CONFIRM_FLOW_CORE_OK,-0.5466278786629762,0,cmf_floor,0.0,0,113691.395,135440.6614,SANAM::2025-05-07::FLOW_INTENT_V1
SANAM,2025-05-07,CONFIRM_RELATIVE_VOLUME_CONTEXT_OK,0.849074899066018,0,volume_breakout_mult,0.0,0,113691.395,135440.6614,SANAM::2025-05-07::FLOW_INTENT_V1
SANAM,2025-05-07,CONFIRM_STRUCTURE_OK,0.0,0,close_gt_base_ref_and_ema_and_rsi_adx,0.0,0,113691.395,135440.6614,SANAM::2025-05-07::FLOW_INTENT_V1
SANAM,2025-05-07,CURRENT_DAY_LIQUIDITY_OK,113691.395,1,min_current_day_value_kwd,0.0,0,113691.395,135440.6614,SANAM::2025-05-07::FLOW_INTENT_V1
SANAM,2025-05-07,FLOW_ACCUMULATION_DIVERGENCE_OK,1.0,1,accumulation_divergence_true,0.0,0,113691.395,135440.6614,SANAM::2025-05-07::FLOW_INTENT_V1
SANAM,2025-05-07,FLOW_ANV_SLOPE_OK,582.2316314339874,1,anv_slope_min,0.0,0,113691.395,135440.6614,SANAM::2025-05-07::FLOW_INTENT_V1
SANAM,2025-05-07,FLOW_OBV_SLOPE_OK,0.5503561412921087,1,obv_slope_min,0.0,0,113691.395,135440.6614,SANAM::2025-05-07::FLOW_INTENT_V1
SANAM,2025-05-07,LIQUIDITY_CONTEXT_OK,135440.6614,1,min_daily_value_kwd,0.0,0,113691.395,135440.6614,SANAM::2025-05-07::FLOW_INTENT_V1
SANAM,2025-05-08,ACCUMULATION_CONTEXT_OK,1.0,1,obv_or_anv_or_divergence,0.0,0,984795.281,163150.23435,SANAM::2025-05-08::FLOW_INTENT_V1
SANAM,2025-05-08,CONFIRM_CHASE_GUARD_OK,0.0,0,CHASE_ADVISORY_BAND,0.0,0,984795.281,163150.23435,SANAM::2025-05-08::FLOW_INTENT_V1
SANAM,2025-05-08,CONFIRM_FLOW_CORE_OK,-0.17011757795524743,0,cmf_floor,0.0,0,984795.281,163150.23435,SANAM::2025-05-08::FLOW_INTENT_V1
SANAM,2025-05-08,CONFIRM_RELATIVE_VOLUME_CONTEXT_OK,6.1188513041771815,1,volume_breakout_mult,0.0,0,984795.281,163150.23435,SANAM::2025-05-08::FLOW_INTENT_V1
SANAM,2025-05-08,CONFIRM_STRUCTURE_OK,0.0,0,close_gt_base_ref_and_ema_and_rsi_adx,0.0,0,984795.281,163150.23435,SANAM::2025-05-08::FLOW_INTENT_V1
SANAM,2025-05-08,CURRENT_DAY_LIQUIDITY_OK,984795.281,1,min_current_day_value_kwd,0.0,0,984795.281,163150.23435,SANAM::2025-05-08::FLOW_INTENT_V1
SANAM,2025-05-08,FLOW_ACCUMULATION_DIVERGENCE_OK,1.0,1,accumulation_divergence_true,0.0,0,984795.281,163150.23435,SANAM::2025-05-08::FLOW_INTENT_V1
SANAM,2025-05-08,FLOW_ANV_SLOPE_OK,506.5664043184294,1,anv_slope_min,0.0,0,984795.281,163150.23435,SANAM::2025-05-08::FLOW_INTENT_V1
SANAM,2025-05-08,FLOW_OBV_SLOPE_OK,0.47649917643471146,1,obv_slope_min,0.0,0,984795.281,163150.23435,SANAM::2025-05-08::FLOW_INTENT_V1
SANAM,2025-05-08,LIQUIDITY_CONTEXT_OK,163150.23435,1,min_daily_value_kwd,0.0,0,984795.281,163150.23435,SANAM::2025-05-08::FLOW_INTENT_V1
SANAM,2025-05-11,ACCUMULATION_CONTEXT_OK,1.0,1,obv_or_anv_or_divergence,0.0,0,537534.448,185699.64979999998,SANAM::2025-05-11::FLOW_INTENT_V1
SANAM,2025-05-11,CONFIRM_CHASE_GUARD_OK,0.0,0,CHASE_ADVISORY_BAND,0.0,0,537534.448,185699.64979999998,SANAM::2025-05-11::FLOW_INTENT_V1
SANAM,2025-05-11,CONFIRM_FLOW_CORE_OK,-0.2549522822100031,0,cmf_floor,0.0,0,537534.448,185699.64979999998,SANAM::2025-05-11::FLOW_INTENT_V1
SANAM,2025-05-11,CONFIRM_RELATIVE_VOLUME_CONTEXT_OK,2.8958090539393933,1,volume_breakout_mult,0.0,0,537534.448,185699.64979999998,SANAM::2025-05-11::FLOW_INTENT_V1
SANAM,2025-05-11,CONFIRM_STRUCTURE_OK,0.0,0,close_gt_base_ref_and_ema_and_rsi_adx,0.0,0,537534.448,185699.64979999998,SANAM::2025-05-11::FLOW_INTENT_V1
SANAM,2025-05-11,CURRENT_DAY_LIQUIDITY_OK,537534.448,1,min_current_day_value_kwd,0.0,0,537534.448,185699.64979999998,SANAM::2025-05-11::FLOW_INTENT_V1
SANAM,2025-05-11,FLOW_ACCUMULATION_DIVERGENCE_OK,1.0,1,accumulation_divergence_true,0.0,0,537534.448,185699.64979999998,SANAM::2025-05-11::FLOW_INTENT_V1
SANAM,2025-05-11,FLOW_ANV_SLOPE_OK,471.7992523444526,1,anv_slope_min,0.0,0,537534.448,185699.64979999998,SANAM::2025-05-11::FLOW_INTENT_V1
SANAM,2025-05-11,FLOW_OBV_SLOPE_OK,0.4433678597785264,1,obv_slope_min,0.0,0,537534.448,185699.64979999998,SANAM::2025-05-11::FLOW_INTENT_V1
SANAM,2025-05-11,LIQUIDITY_CONTEXT_OK,185699.64979999998,1,min_daily_value_kwd,0.0,0,537534.448,185699.64979999998,SANAM::2025-05-11::FLOW_INTENT_V1
SANAM,2025-05-12,ACCUMULATION_CONTEXT_OK,1.0,1,obv_or_anv_or_divergence,0.0,0,1601847.244,263992.99529999995,SANAM::2025-05-12::FLOW_INTENT_V1
SANAM,2025-05-12,CONFIRM_CHASE_GUARD_OK,0.0,0,CHASE_ADVISORY_BAND,0.0,0,1601847.244,263992.99529999995,SANAM::2025-05-12::FLOW_INTENT_V1
SANAM,2025-05-12,CONFIRM_FLOW_CORE_OK,-0.2996478804225496,0,cmf_floor,0.0,0,1601847.244,263992.99529999995,SANAM::2025-05-12::FLOW_INTENT_V1
SANAM,2025-05-12,CONFIRM_RELATIVE_VOLUME_CONTEXT_OK,6.055661569524096,1,volume_breakout_mult,0.0,0,1601847.244,263992.99529999995,SANAM::2025-05-12::FLOW_INTENT_V1
SANAM,2025-05-12,CONFIRM_STRUCTURE_OK,0.0,0,close_gt_base_ref_and_ema_and_rsi_adx,0.0,0,1601847.244,263992.99529999995,SANAM::2025-05-12::FLOW_INTENT_V1
SANAM,2025-05-12,CURRENT_DAY_LIQUIDITY_OK,1601847.244,1,min_current_day_value_kwd,0.0,0,1601847.244,263992.99529999995,SANAM::2025-05-12::FLOW_INTENT_V1
SANAM,2025-05-12,FLOW_ACCUMULATION_DIVERGENCE_OK,1.0,1,accumulation_divergence_true,0.0,0,1601847.244,263992.99529999995,SANAM::2025-05-12::FLOW_INTENT_V1
SANAM,2025-05-12,FLOW_ANV_SLOPE_OK,416.0596642015643,1,anv_slope_min,0.0,0,1601847.244,263992.99529999995,SANAM::2025-05-12::FLOW_INTENT_V1
SANAM,2025-05-12,FLOW_OBV_SLOPE_OK,0.39179073696459465,1,obv_slope_min,0.0,0,1601847.244,263992.99529999995,SANAM::2025-05-12::FLOW_INTENT_V1
SANAM,2025-05-12,LIQUIDITY_CONTEXT_OK,263992.99529999995,1,min_daily_value_kwd,0.0,0,1601847.244,263992.99529999995,SANAM::2025-05-12::FLOW_INTENT_V1
SANAM,2025-05-13,ACCUMULATION_CONTEXT_OK,1.0,1,obv_or_anv_or_divergence,0.0,0,1617317.16,340626.49845,SANAM::2025-05-13::FLOW_INTENT_V1
SANAM,2025-05-13,CONFIRM_CHASE_GUARD_OK,0.0,0,CHASE_ADVISORY_BAND,0.0,0,1617317.16,340626.49845,SANAM::2025-05-13::FLOW_INTENT_V1
SANAM,2025-05-13,CONFIRM_FLOW_CORE_OK,-0.022197482240240995,0,cmf_floor,0.0,0,1617317.16,340626.49845,SANAM::2025-05-13::FLOW_INTENT_V1
SANAM,2025-05-13,CONFIRM_RELATIVE_VOLUME_CONTEXT_OK,4.699725538228943,1,volume_breakout_mult,0.0,0,1617317.16,340626.49845,SANAM::2025-05-13::FLOW_INTENT_V1
SANAM,2025-05-13,CONFIRM_STRUCTURE_OK,0.0,0,close_gt_base_ref_and_ema_and_rsi_adx,0.0,0,1617317.16,340626.49845,SANAM::2025-05-13::FLOW_INTENT_V1
SANAM,2025-05-13,CURRENT_DAY_LIQUIDITY_OK,1617317.16,1,min_current_day_value_kwd,0.0,0,1617317.16,340626.49845,SANAM::2025-05-13::FLOW_INTENT_V1
SANAM,2025-05-13,FLOW_ACCUMULATION_DIVERGENCE_OK,1.0,1,accumulation_divergence_true,0.0,0,1617317.16,340626.49845,SANAM::2025-05-13::FLOW_INTENT_V1
SANAM,2025-05-13,FLOW_ANV_SLOPE_OK,392.6703048244482,1,anv_slope_min,0.0,0,1617317.16,340626.49845,SANAM::2025-05-13::FLOW_INTENT_V1
SANAM,2025-05-13,FLOW_OBV_SLOPE_OK,0.371903278076662,1,obv_slope_min,0.0,0,1617317.16,340626.49845,SANAM::2025-05-13::FLOW_INTENT_V1
SANAM,2025-05-13,LIQUIDITY_CONTEXT_OK,340626.49845,1,min_daily_value_kwd,0.0,0,1617317.16,340626.49845,SANAM::2025-05-13::FLOW_INTENT_V1
SANAM,2025-05-14,ACCUMULATION_CONTEXT_OK,1.0,1,obv_or_anv_or_divergence,0.0,0,2512596.875,451887.32424999995,SANAM::2025-05-14::FLOW_INTENT_V1
SANAM,2025-05-14,CONFIRM_CHASE_GUARD_OK,0.0,0,CHASE_ADVISORY_BAND,0.0,0,2512596.875,451887.32424999995,SANAM::2025-05-14::FLOW_INTENT_V1
SANAM,2025-05-14,CONFIRM_FLOW_CORE_OK,-0.26045574516668574,0,cmf_floor,0.0,0,2512596.875,451887.32424999995,SANAM::2025-05-14::FLOW_INTENT_V1
SANAM,2025-05-14,CONFIRM_RELATIVE_VOLUME_CONTEXT_OK,5.454543443126533,1,volume_breakout_mult,0.0,0,2512596.875,451887.32424999995,SANAM::2025-05-14::FLOW_INTENT_V1
SANAM,2025-05-14,CONFIRM_STRUCTURE_OK,0.0,0,close_gt_base_ref_and_ema_and_rsi_adx,0.0,0,2512596.875,451887.32424999995,SANAM::2025-05-14::FLOW_INTENT_V1
SANAM,2025-05-14,CURRENT_DAY_LIQUIDITY_OK,2512596.875,1,min_current_day_value_kwd,0.0,0,2512596.875,451887.32424999995,SANAM::2025-05-14::FLOW_INTENT_V1
SANAM,2025-05-14,FLOW_ACCUMULATION_DIVERGENCE_OK,1.0,1,accumulation_divergence_true,0.0,0,2512596.875,451887.32424999995,SANAM::2025-05-14::FLOW_INTENT_V1
SANAM,2025-05-14,FLOW_ANV_SLOPE_OK,329.1519987525321,1,anv_slope_min,0.0,0,2512596.875,451887.32424999995,SANAM::2025-05-14::FLOW_INTENT_V1
SANAM,2025-05-14,FLOW_OBV_SLOPE_OK,0.31309548590777553,1,obv_slope_min,0.0,0,2512596.875,451887.32424999995,SANAM::2025-05-14::FLOW_INTENT_V1
SANAM,2025-05-14,LIQUIDITY_CONTEXT_OK,451887.32424999995,1,min_daily_value_kwd,0.0,0,2512596.875,451887.32424999995,SANAM::2025-05-14::FLOW_INTENT_V1
SANAM,2025-05-15,ACCUMULATION_CONTEXT_OK,1.0,1,obv_or_anv_or_divergence,0.0,0,3385180.129,612424.0161,SANAM::2025-05-15::FLOW_INTENT_V1
SANAM,2025-05-15,CONFIRM_CHASE_GUARD_OK,0.0,0,CHASE_ADVISORY_BAND,0.0,0,3385180.129,612424.0161,SANAM::2025-05-15::FLOW_INTENT_V1
SANAM,2025-05-15,CONFIRM_FLOW_CORE_OK,0.11208870965264389,1,cmf_floor,0.0,0,3385180.129,612424.0161,SANAM::2025-05-15::FLOW_INTENT_V1
SANAM,2025-05-15,CONFIRM_RELATIVE_VOLUME_CONTEXT_OK,5.360973894334479,1,volume_breakout_mult,0.0,0,3385180.129,612424.0161,SANAM::2025-05-15::FLOW_INTENT_V1
SANAM,2025-05-15,CONFIRM_STRUCTURE_OK,1.0,1,close_gt_base_ref_and_ema_and_rsi_adx,0.0,0,3385180.129,612424.0161,SANAM::2025-05-15::FLOW_INTENT_V1
SANAM,2025-05-15,CURRENT_DAY_LIQUIDITY_OK,3385180.129,1,min_current_day_value_kwd,0.0,0,3385180.129,612424.0161,SANAM::2025-05-15::FLOW_INTENT_V1
SANAM,2025-05-15,FLOW_ACCUMULATION_DIVERGENCE_OK,0.0,0,accumulation_divergence_true,0.0,0,3385180.129,612424.0161,SANAM::2025-05-15::FLOW_INTENT_V1
SANAM,2025-05-15,FLOW_ANV_SLOPE_OK,295.90989496442035,1,anv_slope_min,0.0,0,3385180.129,612424.0161,SANAM::2025-05-15::FLOW_INTENT_V1
SANAM,2025-05-15,FLOW_OBV_SLOPE_OK,0.28355533509274666,1,obv_slope_min,0.0,0,3385180.129,612424.0161,SANAM::2025-05-15::FLOW_INTENT_V1
SANAM,2025-05-15,LIQUIDITY_CONTEXT_OK,612424.0161,1,min_daily_value_kwd,0.0,0,3385180.129,612424.0161,SANAM::2025-05-15::FLOW_INTENT_V1
SANAM,2025-05-18,ACCUMULATION_CONTEXT_OK,1.0,1,obv_or_anv_or_divergence,0.0,0,3891162.547,799497.15995,SANAM::2025-05-18::FLOW_INTENT_V1
SANAM,2025-05-18,CONFIRM_CHASE_GUARD_OK,0.0,0,CHASE_ADVISORY_BAND,0.0,0,3891162.547,799497.15995,SANAM::2025-05-18::FLOW_INTENT_V1
SANAM,2025-05-18,CONFIRM_FLOW_CORE_OK,0.30886713453486847,1,cmf_floor,0.0,0,3891162.547,799497.15995,SANAM::2025-05-18::FLOW_INTENT_V1
SANAM,2025-05-18,CONFIRM_RELATIVE_VOLUME_CONTEXT_OK,4.48414645674338,1,volume_breakout_mult,0.0,0,3891162.547,799497.15995,SANAM::2025-05-18::FLOW_INTENT_V1
SANAM,2025-05-18,CONFIRM_STRUCTURE_OK,1.0,1,close_gt_base_ref_and_ema_and_rsi_adx,0.0,0,3891162.547,799497.15995,SANAM::2025-05-18::FLOW_INTENT_V1
SANAM,2025-05-18,CURRENT_DAY_LIQUIDITY_OK,3891162.547,1,min_current_day_value_kwd,0.0,0,3891162.547,799497.15995,SANAM::2025-05-18::FLOW_INTENT_V1
SANAM,2025-05-18,FLOW_ACCUMULATION_DIVERGENCE_OK,0.0,0,accumulation_divergence_true,0.0,0,3891162.547,799497.15995,SANAM::2025-05-18::FLOW_INTENT_V1
SANAM,2025-05-18,FLOW_ANV_SLOPE_OK,286.71282410423805,1,anv_slope_min,0.0,0,3891162.547,799497.15995,SANAM::2025-05-18::FLOW_INTENT_V1
SANAM,2025-05-18,FLOW_OBV_SLOPE_OK,0.277819145090637,1,obv_slope_min,0.0,0,3891162.547,799497.15995,SANAM::2025-05-18::FLOW_INTENT_V1
SANAM,2025-05-18,LIQUIDITY_CONTEXT_OK,799497.15995,1,min_daily_value_kwd,0.0,0,3891162.547,799497.15995,SANAM::2025-05-18::FLOW_INTENT_V1
SANAM,2025-05-19,ACCUMULATION_CONTEXT_OK,1.0,1,obv_or_anv_or_divergence,0.0,0,1583812.306,876570.104,SANAM::2025-05-19::FLOW_INTENT_V1
SANAM,2025-05-19,CONFIRM_CHASE_GUARD_OK,0.0,0,CHASE_ADVISORY_BAND,0.0,0,1583812.306,876570.104,SANAM::2025-05-19::FLOW_INTENT_V1
SANAM,2025-05-19,CONFIRM_FLOW_CORE_OK,0.22271371833162196,1,cmf_floor,0.0,0,1583812.306,876570.104,SANAM::2025-05-19::FLOW_INTENT_V1
SANAM,2025-05-19,CONFIRM_RELATIVE_VOLUME_CONTEXT_OK,1.667915958312834,0,volume_breakout_mult,0.0,0,1583812.306,876570.104,SANAM::2025-05-19::FLOW_INTENT_V1
SANAM,2025-05-19,CONFIRM_STRUCTURE_OK,1.0,1,close_gt_base_ref_and_ema_and_rsi_adx,0.0,0,1583812.306,876570.104,SANAM::2025-05-19::FLOW_INTENT_V1
SANAM,2025-05-19,CURRENT_DAY_LIQUIDITY_OK,1583812.306,1,min_current_day_value_kwd,0.0,0,1583812.306,876570.104,SANAM::2025-05-19::FLOW_INTENT_V1
SANAM,2025-05-19,FLOW_ACCUMULATION_DIVERGENCE_OK,0.0,0,accumulation_divergence_true,0.0,0,1583812.306,876570.104,SANAM::2025-05-19::FLOW_INTENT_V1
SANAM,2025-05-19,FLOW_ANV_SLOPE_OK,295.03078145306796,1,anv_slope_min,0.0,0,1583812.306,876570.104,SANAM::2025-05-19::FLOW_INTENT_V1
SANAM,2025-05-19,FLOW_OBV_SLOPE_OK,0.28651258400786955,1,obv_slope_min,0.0,0,1583812.306,876570.104,SANAM::2025-05-19::FLOW_INTENT_V1
SANAM,2025-05-19,LIQUIDITY_CONTEXT_OK,876570.104,1,min_daily_value_kwd,0.0,0,1583812.306,876570.104,SANAM::2025-05-19::FLOW_INTENT_V1
SANAM,2025-05-20,ACCUMULATION_CONTEXT_OK,1.0,1,obv_or_anv_or_divergence,0.0,0,1777960.555,962554.0384500001,SANAM::2025-05-20::FLOW_INTENT_V1
SANAM,2025-05-20,CONFIRM_CHASE_GUARD_OK,0.0,0,CHASE_ADVISORY_BAND,0.0,0,1777960.555,962554.0384500001,SANAM::2025-05-20::FLOW_INTENT_V1
SANAM,2025-05-20,CONFIRM_FLOW_CORE_OK,0.29967056287781285,1,cmf_floor,0.0,0,1777960.555,962554.0384500001,SANAM::2025-05-20::FLOW_INTENT_V1
SANAM,2025-05-20,CONFIRM_RELATIVE_VOLUME_CONTEXT_OK,1.6838848515643743,0,volume_breakout_mult,0.0,0,1777960.555,962554.0384500001,SANAM::2025-05-20::FLOW_INTENT_V1
SANAM,2025-05-20,CONFIRM_STRUCTURE_OK,1.0,1,close_gt_base_ref_and_ema_and_rsi_adx,0.0,0,1777960.555,962554.0384500001,SANAM::2025-05-20::FLOW_INTENT_V1
SANAM,2025-05-20,CURRENT_DAY_LIQUIDITY_OK,1777960.555,1,min_current_day_value_kwd,0.0,0,1777960.555,962554.0384500001,SANAM::2025-05-20::FLOW_INTENT_V1
SANAM,2025-05-20,FLOW_ACCUMULATION_DIVERGENCE_OK,0.0,0,accumulation_divergence_true,0.0,0,1777960.555,962554.0384500001,SANAM::2025-05-20::FLOW_INTENT_V1
SANAM,2025-05-20,FLOW_ANV_SLOPE_OK,306.7154435775122,1,anv_slope_min,0.0,0,1777960.555,962554.0384500001,SANAM::2025-05-20::FLOW_INTENT_V1
SANAM,2025-05-20,FLOW_OBV_SLOPE_OK,0.2981789194108706,1,obv_slope_min,0.0,0,1777960.555,962554.0384500001,SANAM::2025-05-20::FLOW_INTENT_V1
SANAM,2025-05-20,LIQUIDITY_CONTEXT_OK,962554.0384500001,1,min_daily_value_kwd,0.0,0,1777960.555,962554.0384500001,SANAM::2025-05-20::FLOW_INTENT_V1
SANAM,2025-05-21,ACCUMULATION_CONTEXT_OK,1.0,1,obv_or_anv_or_divergence,0.0,0,3171166.043,1120529.8896,SANAM::2025-05-21::FLOW_INTENT_V1
SANAM,2025-05-21,CONFIRM_CHASE_GUARD_OK,0.0,0,CHASE_ADVISORY_BAND,0.0,0,3171166.043,1120529.8896,SANAM::2025-05-21::FLOW_INTENT_V1
SANAM,2025-05-21,CONFIRM_FLOW_CORE_OK,0.15972783798692086,1,cmf_floor,0.0,0,3171166.043,1120529.8896,SANAM::2025-05-21::FLOW_INTENT_V1
SANAM,2025-05-21,CONFIRM_RELATIVE_VOLUME_CONTEXT_OK,2.6027238590141923,1,volume_breakout_mult,0.0,0,3171166.043,1120529.8896,SANAM::2025-05-21::FLOW_INTENT_V1
SANAM,2025-05-21,CONFIRM_STRUCTURE_OK,1.0,1,close_gt_base_ref_and_ema_and_rsi_adx,0.0,0,3171166.043,1120529.8896,SANAM::2025-05-21::FLOW_INTENT_V1
SANAM,2025-05-21,CURRENT_DAY_LIQUIDITY_OK,3171166.043,1,min_current_day_value_kwd,0.0,0,3171166.043,1120529.8896,SANAM::2025-05-21::FLOW_INTENT_V1
SANAM,2025-05-21,FLOW_ACCUMULATION_DIVERGENCE_OK,0.0,0,accumulation_divergence_true,0.0,0,3171166.043,1120529.8896,SANAM::2025-05-21::FLOW_INTENT_V1
SANAM,2025-05-21,FLOW_ANV_SLOPE_OK,282.04040234554856,1,anv_slope_min,0.0,0,3171166.043,1120529.8896,SANAM::2025-05-21::FLOW_INTENT_V1
SANAM,2025-05-21,FLOW_OBV_SLOPE_OK,0.27677084801442964,1,obv_slope_min,0.0,0,3171166.043,1120529.8896,SANAM::2025-05-21::FLOW_INTENT_V1
SANAM,2025-05-21,LIQUIDITY_CONTEXT_OK,1120529.8896,1,min_daily_value_kwd,0.0,0,3171166.043,1120529.8896,SANAM::2025-05-21::FLOW_INTENT_V1
SANAM,2025-05-22,ACCUMULATION_CONTEXT_OK,1.0,1,obv_or_anv_or_divergence,0.0,0,739049.519,1154997.3253000001,SANAM::2025-05-22::FLOW_INTENT_V1
SANAM,2025-05-22,CONFIRM_CHASE_GUARD_OK,0.0,0,CHASE_ADVISORY_BAND,0.0,0,739049.519,1154997.3253000001,SANAM::2025-05-22::FLOW_INTENT_V1
SANAM,2025-05-22,CONFIRM_FLOW_CORE_OK,0.11392250551163166,1,cmf_floor,0.0,0,739049.519,1154997.3253000001,SANAM::2025-05-22::FLOW_INTENT_V1
SANAM,2025-05-22,CONFIRM_RELATIVE_VOLUME_CONTEXT_OK,0.6036120323392092,0,volume_breakout_mult,0.0,0,739049.519,1154997.3253000001,SANAM::2025-05-22::FLOW_INTENT_V1
SANAM,2025-05-22,CONFIRM_STRUCTURE_OK,1.0,1,close_gt_base_ref_and_ema_and_rsi_adx,0.0,0,739049.519,1154997.3253000001,SANAM::2025-05-22::FLOW_INTENT_V1
SANAM,2025-05-22,CURRENT_DAY_LIQUIDITY_OK,739049.519,1,min_current_day_value_kwd,0.0,0,739049.519,1154997.3253000001,SANAM::2025-05-22::FLOW_INTENT_V1
SANAM,2025-05-22,FLOW_ACCUMULATION_DIVERGENCE_OK,0.0,0,accumulation_divergence_true,0.0,0,739049.519,1154997.3253000001,SANAM::2025-05-22::FLOW_INTENT_V1
SANAM,2025-05-22,FLOW_ANV_SLOPE_OK,278.9057125273424,1,anv_slope_min,0.0,0,739049.519,1154997.3253000001,SANAM::2025-05-22::FLOW_INTENT_V1
SANAM,2025-05-22,FLOW_OBV_SLOPE_OK,0.2737281621112832,1,obv_slope_min,0.0,0,739049.519,1154997.3253000001,SANAM::2025-05-22::FLOW_INTENT_V1
SANAM,2025-05-22,LIQUIDITY_CONTEXT_OK,1154997.3253000001,1,min_daily_value_kwd,0.0,0,739049.519,1154997.3253000001,SANAM::2025-05-22::FLOW_INTENT_V1
